omitted_donor,gene,paired,external
none_full,ADGRG6,-2.3960619179021614,-1.9081544039289353
none_full,AMOTL1,-1.803744633415632,-2.2923888131796533
none_full,ANO1,-2.244564127899371,-1.6509893710025292
none_full,AZGP1,-4.358358093923235,-3.920736526555655
none_full,CA2,-2.24929867233816,-3.2561948676378205
none_full,CHI3L2,-1.5776759444655204,-3.3696460740557286
none_full,CHRM3,-2.6188625501689864,-2.3518548824705405
none_full,CHST1,-2.0398705306674723,-1.6626484432848716
none_full,DMBT1,-5.639178022435266,-4.122261086068283
none_full,F5,-2.9972170278347607,-1.9830612569776407
none_full,GJC3,-2.9523977103430963,-3.5184766872217734
none_full,GRIA2,-1.9165321717639983,-1.8688392122707642
none_full,HP,-6.0909640662301365,-5.557701766586934
none_full,KCNMA1,-1.8809547151248074,-1.7395072434129526
none_full,KCNN4,-3.200750220037518,-2.1938863351154874
none_full,KRT14,-1.9676355338903275,-4.042587405890661
none_full,LINC01829,-3.4817319496646832,-2.8554241628539487
none_full,NOSTRIN,-2.5937727983900363,-2.4956478915708793
none_full,NPY1R,-2.6283407191655543,-2.4266135472779062
none_full,ODAM,-4.315882966773296,-3.7691727625103515
none_full,PADI2,-1.7634289766899187,-1.5963885436334833
none_full,PHLDA1,-2.087166777222354,-2.693062429260446
none_full,PKDCC,-3.4351268821068035,-2.0075053467672914
none_full,PLCB1,-1.9584661283871119,-2.97095645480898
none_full,PPP1R1B,-3.2454766236447092,-3.6598857810485144
none_full,QPRT,-1.6308348285251446,-1.666481413001138
none_full,RNASE1,-2.9553928610981797,-2.0557341408732537
none_full,RNF128,-2.0954346500298007,-1.7869982331388239
none_full,RTN1,-3.463461524564792,-1.6452313243314298
none_full,SLC22A3,-2.4226393299995097,-2.7938137930689675
none_full,SLC37A2,-2.431928298334915,-2.5790254250657556
none_full,SLCO1A2,-2.3236119510833184,-1.8382357337682262
none_full,SMAD9,-1.6598190390445158,-1.7922609184984994
none_full,SOD3,-1.7844214846447333,-1.7917174380404717
none_full,ST3GAL5,-1.8554872385629806,-1.6426219394615567
none_full,STATH,-8.189139291661133,-8.01433607877914
none_full,TBX3,-1.8729774859587727,-2.1793646104436792
none_full,TCEAL2,-2.3141308312106275,-2.9723228495658915
none_full,TCN1,-2.368954049260302,-2.0815123200869152
none_full,TESC,-1.7496797057371394,-2.9405584663593003
CRSwNP_1,ADGRG6,-2.140400276860577,-1.9081544039289353
CRSwNP_1,AMOTL1,-1.7739085777819035,-2.2923888131796533
CRSwNP_1,ANO1,-1.9846584517618524,-1.6509893710025292
CRSwNP_1,AZGP1,-4.167822682776218,-3.920736526555655
CRSwNP_1,CA2,-1.6627986197692965,-3.2561948676378205
CRSwNP_1,CHI3L2,-1.4099537954783419,-3.3696460740557286
CRSwNP_1,CHRM3,-2.566382830564376,-2.3518548824705405
CRSwNP_1,CHST1,-1.2780421759740785,-1.6626484432848716
CRSwNP_1,DMBT1,-6.211324715765699,-4.122261086068283
CRSwNP_1,F5,-3.2872561228837966,-1.9830612569776407
CRSwNP_1,GJC3,-2.7503011842137695,-3.5184766872217734
CRSwNP_1,GRIA2,-1.8227615867706113,-1.8688392122707642
CRSwNP_1,HP,-5.038812538806376,-5.557701766586934
CRSwNP_1,KCNMA1,-1.828339725277251,-1.7395072434129526
CRSwNP_1,KCNN4,-3.2769892523371085,-2.1938863351154874
CRSwNP_1,KRT14,-2.00004500556715,-4.042587405890661
CRSwNP_1,LINC01829,-3.488007462899008,-2.8554241628539487
CRSwNP_1,NOSTRIN,-2.6355616986682415,-2.4956478915708793
CRSwNP_1,NPY1R,-2.5693566963097,-2.4266135472779062
CRSwNP_1,ODAM,-4.153299037051894,-3.7691727625103515
CRSwNP_1,PADI2,-1.748400021682673,-1.5963885436334833
CRSwNP_1,PHLDA1,-1.7589224089613993,-2.693062429260446
CRSwNP_1,PKDCC,-3.0082453219905587,-2.0075053467672914
CRSwNP_1,PLCB1,-2.1733697599218718,-2.97095645480898
CRSwNP_1,PPP1R1B,-3.036347152330507,-3.6598857810485144
CRSwNP_1,QPRT,-0.95045529084042,-1.666481413001138
CRSwNP_1,RNASE1,-2.503163898571593,-2.0557341408732537
CRSwNP_1,RNF128,-2.316369498701232,-1.7869982331388239
CRSwNP_1,RTN1,-2.755422290922656,-1.6452313243314298
CRSwNP_1,SLC22A3,-1.6363822511261006,-2.7938137930689675
CRSwNP_1,SLC37A2,-1.9185627502710787,-2.5790254250657556
CRSwNP_1,SLCO1A2,-2.215929078037994,-1.8382357337682262
CRSwNP_1,SMAD9,-1.592129220329226,-1.7922609184984994
CRSwNP_1,SOD3,-1.5918998861114233,-1.7917174380404717
CRSwNP_1,ST3GAL5,-1.8762693233886047,-1.6426219394615567
CRSwNP_1,STATH,-8.24334213231259,-8.01433607877914
CRSwNP_1,TBX3,-2.1636042436741465,-2.1793646104436792
CRSwNP_1,TCEAL2,-1.213613997368174,-2.9723228495658915
CRSwNP_1,TCN1,-2.3147903388910556,-2.0815123200869152
CRSwNP_1,TESC,-1.9101896658414004,-2.9405584663593003
CRSwNP_2,ADGRG6,-2.3903651662701515,-1.9081544039289353
CRSwNP_2,AMOTL1,-1.7004814111591895,-2.2923888131796533
CRSwNP_2,ANO1,-2.3070464946383016,-1.6509893710025292
CRSwNP_2,AZGP1,-4.634414424252998,-3.920736526555655
CRSwNP_2,CA2,-2.325831251281427,-3.2561948676378205
CRSwNP_2,CHI3L2,-2.217034756843129,-3.3696460740557286
CRSwNP_2,CHRM3,-2.912882857632139,-2.3518548824705405
CRSwNP_2,CHST1,-2.7198273742232963,-1.6626484432848716
CRSwNP_2,DMBT1,-5.993083138450302,-4.122261086068283
CRSwNP_2,F5,-3.2192780614259813,-1.9830612569776407
CRSwNP_2,GJC3,-3.057001388625381,-3.5184766872217734
CRSwNP_2,GRIA2,-1.7822372801051498,-1.8688392122707642
CRSwNP_2,HP,-7.918039234801159,-5.557701766586934
CRSwNP_2,KCNMA1,-2.224519569939826,-1.7395072434129526
CRSwNP_2,KCNN4,-3.462361941208156,-2.1938863351154874
CRSwNP_2,KRT14,-2.089051435273149,-4.042587405890661
CRSwNP_2,LINC01829,-3.791397305977616,-2.8554241628539487
CRSwNP_2,NOSTRIN,-2.544053336465928,-2.4956478915708793
CRSwNP_2,NPY1R,-2.590143897499952,-2.4266135472779062
CRSwNP_2,ODAM,-4.8309723328441425,-3.7691727625103515
CRSwNP_2,PADI2,-2.064649697086152,-1.5963885436334833
CRSwNP_2,PHLDA1,-2.5673801149419035,-2.693062429260446
CRSwNP_2,PKDCC,-4.1374463100335435,-2.0075053467672914
CRSwNP_2,PLCB1,-2.6487198235145772,-2.97095645480898
CRSwNP_2,PPP1R1B,-3.388438618282142,-3.6598857810485144
CRSwNP_2,QPRT,-2.2454673236019,-1.666481413001138
CRSwNP_2,RNASE1,-3.143957949021376,-2.0557341408732537
CRSwNP_2,RNF128,-2.467402385927099,-1.7869982331388239
CRSwNP_2,RTN1,-4.15730302186751,-1.6452313243314298
CRSwNP_2,SLC22A3,-3.2301857733326798,-2.7938137930689675
CRSwNP_2,SLC37A2,-2.9160605836672517,-2.5790254250657556
CRSwNP_2,SLCO1A2,-2.3936378347161047,-1.8382357337682262
CRSwNP_2,SMAD9,-1.4450509070865305,-1.7922609184984994
CRSwNP_2,SOD3,-1.8447660362790232,-1.7917174380404717
CRSwNP_2,ST3GAL5,-2.108197844595796,-1.6426219394615567
CRSwNP_2,STATH,-9.009517127338158,-8.01433607877914
CRSwNP_2,TBX3,-1.5260346789745236,-2.1793646104436792
CRSwNP_2,TCEAL2,-3.0855077749475033,-2.9723228495658915
CRSwNP_2,TCN1,-2.354991766355642,-2.0815123200869152
CRSwNP_2,TESC,-2.9055653908379164,-2.9405584663593003
CRSwNP_3,ADGRG6,-2.81659107910129,-1.9081544039289353
CRSwNP_3,AMOTL1,-2.447548480339688,-2.2923888131796533
CRSwNP_3,ANO1,-2.268644428420531,-1.6509893710025292
CRSwNP_3,AZGP1,-4.713030366566233,-3.920736526555655
CRSwNP_3,CA2,-2.242811210000743,-3.2561948676378205
CRSwNP_3,CHI3L2,-1.5405662583232533,-3.3696460740557286
CRSwNP_3,CHRM3,-2.7643253375231596,-2.3518548824705405
CRSwNP_3,CHST1,-2.265818872183386,-1.6626484432848716
CRSwNP_3,DMBT1,-6.136065675103752,-4.122261086068283
CRSwNP_3,F5,-3.239107781081225,-1.9830612569776407
CRSwNP_3,GJC3,-3.58889255863691,-3.5184766872217734
CRSwNP_3,GRIA2,-2.4027987378050693,-1.8688392122707642
CRSwNP_3,HP,-6.406889187724336,-5.557701766586934
CRSwNP_3,KCNMA1,-1.7422520571234645,-1.7395072434129526
CRSwNP_3,KCNN4,-3.52563953087159,-2.1938863351154874
CRSwNP_3,KRT14,-1.981965323468076,-4.042587405890661
CRSwNP_3,LINC01829,-3.4696275794796256,-2.8554241628539487
CRSwNP_3,NOSTRIN,-2.69753138597593,-2.4956478915708793
CRSwNP_3,NPY1R,-2.809826949368496,-2.4266135472779062
CRSwNP_3,ODAM,-4.423005276210012,-3.7691727625103515
CRSwNP_3,PADI2,-2.149385111006669,-1.5963885436334833
CRSwNP_3,PHLDA1,-2.165877603877106,-2.693062429260446
CRSwNP_3,PKDCC,-3.4790605361778035,-2.0075053467672914
CRSwNP_3,PLCB1,-2.007911777988296,-2.97095645480898
CRSwNP_3,PPP1R1B,-3.2620954520185528,-3.6598857810485144
CRSwNP_3,QPRT,-1.9770039355589004,-1.666481413001138
CRSwNP_3,RNASE1,-3.1990687572643046,-2.0557341408732537
CRSwNP_3,RNF128,-1.9160066289568984,-1.7869982331388239
CRSwNP_3,RTN1,-3.9605700082783137,-1.6452313243314298
CRSwNP_3,SLC22A3,-2.5542224809432486,-2.7938137930689675
CRSwNP_3,SLC37A2,-2.877523554193475,-2.5790254250657556
CRSwNP_3,SLCO1A2,-2.653279770117514,-1.8382357337682262
CRSwNP_3,SMAD9,-1.963029677333325,-1.7922609184984994
CRSwNP_3,SOD3,-2.1458250439296767,-1.7917174380404717
CRSwNP_3,ST3GAL5,-2.336469322110976,-1.6426219394615567
CRSwNP_3,STATH,-9.057817148695031,-8.01433607877914
CRSwNP_3,TBX3,-2.2020128532182253,-2.1793646104436792
CRSwNP_3,TCEAL2,-2.6014012728988267,-2.9723228495658915
CRSwNP_3,TCN1,-2.4402807204389676,-2.0815123200869152
CRSwNP_3,TESC,-2.0244225990416753,-2.9405584663593003
CRSwNP_6,ADGRG6,-2.236891149376627,-1.9081544039289353
CRSwNP_6,AMOTL1,-1.2930400643817472,-2.2923888131796533
CRSwNP_6,ANO1,-2.4179071367767992,-1.6509893710025292
CRSwNP_6,AZGP1,-3.9181649020974914,-3.920736526555655
CRSwNP_6,CA2,-2.7657536083011727,-3.2561948676378205
CRSwNP_6,CHI3L2,-1.1431489672173576,-3.3696460740557286
CRSwNP_6,CHRM3,-2.2318591749562713,-2.3518548824705405
CRSwNP_6,CHST1,-1.8957937002891285,-1.6626484432848716
CRSwNP_6,DMBT1,-4.216238560421311,-4.122261086068283
CRSwNP_6,F5,-2.24322614594804,-1.9830612569776407
CRSwNP_6,GJC3,-2.413395709896325,-3.5184766872217734
CRSwNP_6,GRIA2,-1.6583310823751625,-1.8688392122707642
CRSwNP_6,HP,-5.000115303588676,-5.557701766586934
CRSwNP_6,KCNMA1,-1.7287075081586878,-1.7395072434129526
CRSwNP_6,KCNN4,-2.5380101557332186,-2.1938863351154874
CRSwNP_6,KRT14,-1.7994803712529357,-4.042587405890661
CRSwNP_6,LINC01829,-3.1778954503024828,-2.8554241628539487
CRSwNP_6,NOSTRIN,-2.497944772450045,-2.4956478915708793
CRSwNP_6,NPY1R,-2.5440353334840693,-2.4266135472779062
CRSwNP_6,ODAM,-3.8562552209871357,-3.7691727625103515
CRSwNP_6,PADI2,-1.0912810769841808,-1.5963885436334833
CRSwNP_6,PHLDA1,-1.8564869811090068,-2.693062429260446
CRSwNP_6,PKDCC,-3.1157553602253096,-2.0075053467672914
CRSwNP_6,PLCB1,-1.0038631521237023,-2.97095645480898
CRSwNP_6,PPP1R1B,-3.2950252719476354,-3.6598857810485144
CRSwNP_6,QPRT,-1.3504127640993584,-1.666481413001138
CRSwNP_6,RNASE1,-2.975380839535445,-2.0557341408732537
CRSwNP_6,RNF128,-1.6819600865339719,-1.7869982331388239
CRSwNP_6,RTN1,-2.9805507771906883,-1.6452313243314298
CRSwNP_6,SLC22A3,-2.2697668145960095,-2.7938137930689675
CRSwNP_6,SLC37A2,-2.015566305207854,-2.5790254250657556
CRSwNP_6,SLCO1A2,-2.0316011214616614,-1.8382357337682262
CRSwNP_6,SMAD9,-1.6390663514289816,-1.7922609184984994
CRSwNP_6,SOD3,-1.5551949722588099,-1.7917174380404717
CRSwNP_6,ST3GAL5,-1.1010124641565462,-1.6426219394615567
CRSwNP_6,STATH,-6.4458807582987525,-8.01433607877914
CRSwNP_6,TBX3,-1.600258167968195,-2.1793646104436792
CRSwNP_6,TCEAL2,-2.3560002796280055,-2.9723228495658915
CRSwNP_6,TCN1,-2.365753371355542,-2.0815123200869152
CRSwNP_6,TESC,-0.15854116722756562,-2.9405584663593003
