group,serous,ecm,serous_residual,ecm_residual,dataset
Healthy_UT,0.7060572894007077,-0.5537708807968673,0.39955075420564834,-0.1699161428486357,GSE36830
Healthy_UT,0.4086833253410007,1.0842945013849692,0.10217679014594139,1.4681492393332007,GSE36830
Healthy_UT,0.2566308406829715,-1.0726981662750337,-0.04987569451208784,-0.6888434283268021,GSE36830
Healthy_UT,0.302371177413013,-0.635424407612495,-0.004135357782046323,-0.25156966966426336,GSE36830
Healthy_UT,-0.08125981108687552,-0.5796980554713532,-0.38776634628193485,-0.19584331752312162,GSE36830
Healthy_UT,0.24655638941953872,-0.5458314189186098,-0.0599501457755206,-0.16197668097037815,GSE36830
CRSsNP_UT,-0.2548481314051745,-1.0271831371123616,-0.4378329532820955,-0.9151203642924631,GSE36830
CRSsNP_UT,-0.008922812228031946,0.39559384099092887,-0.19190763410495293,0.5076566138108274,GSE36830
CRSsNP_UT,1.1188663148865008,-0.5300617445257718,0.9358814930095798,-0.41799897170587336,GSE36830
CRSsNP_UT,0.06771101771472712,-0.08744322521792501,-0.11527380416219385,0.024619547601973463,GSE36830
CRSsNP_UT,0.8322121377549188,-0.5889517256100407,0.6492273158779978,-0.47688895279014226,GSE36830
CRSsNP_UT,-0.6571095954614145,1.1656693545557795,-0.8400944173383355,1.2777321273756779,GSE36830
CRSwNP_UT,0.9669170042073008,-1.015486888926642,0.6683675301998124,-0.7654287523819172,GSE36830
CRSwNP_UT,-0.2359287273847525,-0.6318386218796967,-0.5344782013922408,-0.38178048533497194,GSE36830
CRSwNP_UT,0.509291567800004,-0.7735214329444275,0.21074209379251568,-0.5234632963997028,GSE36830
CRSwNP_UT,0.700801804226482,-0.2208501370321586,0.4022523302189937,0.029207999512566196,GSE36830
CRSwNP_UT,-0.4474648412986422,0.1046971771245179,-0.7460143153061305,0.35475531366924273,GSE36830
CRSwNP_UT,0.2976800364945376,1.0366510843900583,-0.0008694375129506549,1.286709220934783,GSE36830
CRSwNP_NP,-1.0362922007193367,0.9210453860874473,-0.24825136963986816,0.17506973877459242,GSE36830
CRSwNP_NP,-0.677715943237593,0.8239222572092373,0.11032488784187555,0.07794660989638236,GSE36830
CRSwNP_NP,0.08105347308221483,1.012666189078274,0.8690943041616834,0.26669054176541906,GSE36830
CRSwNP_NP,-1.1282806397698133,1.5724924861089158,-0.34023980869034476,0.8265168387960609,GSE36830
CRSwNP_NP,-0.7930234716480474,0.5320535672283998,-0.004982640568578889,-0.21392208008445512,GSE36830
CRSwNP_NP,-1.173986204184236,-0.38632600183514415,-0.3859453731047674,-1.1323016491479991,GSE36830
CRSwNP_NP,0.5391850375248498,0.08360096481444335,1.125154177134727,-0.3786459485265282,GSE136825
CRSwNP_NP,0.06322364274836396,-0.31637960265621984,0.6491927823582414,-0.7786265159971915,GSE136825
CRSwNP_NP,-0.24008113401742243,1.4385400297820725,0.345888005592455,0.976293116441101,GSE136825
CRSwNP_NP,-1.422433271522666,0.44668630555172656,-0.8364641319127886,-0.015560607789245007,GSE136825
CRSwNP_NP,-0.8768199839296568,1.6140442777677366,-0.29085084431977937,1.151797364426765,GSE136825
CRSwNP_NP,-0.11024794479717129,-0.045585758010113935,0.47572119481270614,-0.5078326713510855,GSE136825
CRSwNP_NP,-0.7023014462742896,0.7402928190559205,-0.11633230666441219,0.2780459057149489,GSE136825
CRSwNP_NP,-0.32969865897114203,1.2763845267390048,0.25627048063873537,0.8141376133980333,GSE136825
CRSwNP_NP,0.5154460720688008,1.3238350564272212,1.1014152116786782,0.8615881430862496,GSE136825
CRSwNP_NP,-0.6299804822103097,0.4831592777854507,-0.04401134260043227,0.020912364444479137,GSE136825
CRSwNP_IT,-0.677666144023975,0.07699862746276889,-0.9391094424427322,0.31015308574263545,GSE136825
CRSwNP_IT,0.8505626882663446,-0.2843260965513194,0.5891193898475873,-0.051171638271452824,GSE136825
CRSwNP_IT,-0.42895197314018274,0.10141088592878861,-0.6903952715589401,0.3345653442086552,GSE136825
CRSwNP_IT,-0.2986449527944508,-0.7998334538795341,-0.5600882512132082,-0.5666789955996675,GSE136825
CRSwNP_IT,0.397571026189266,0.16037337435571528,0.1361277277705087,0.3935278326355819,GSE136825
CRSwNP_IT,-0.6452517222649682,-0.29257378658559846,-0.9066950206837254,-0.05941932830573188,GSE136825
CRSwNP_IT,0.43866274862586163,0.41416637305736903,0.17721945020710433,0.6473208313372356,GSE136825
CRSwNP_IT,0.1014327550847175,0.4861274037951553,-0.1600105433340398,0.7192818620750219,GSE136825
CRSwNP_IT,0.37399035381199375,-0.4106598739949643,0.11254705539323645,-0.1775054157150977,GSE136825
CRSwNP_IT,0.6977738220076433,-0.6247059233789604,0.43633052358888597,-0.3915514650990938,GSE136825
Healthy_IT,1.1900546892107662,-1.045734454436629,0.619230581503771,-0.6271532673978721,GSE136825
Healthy_IT,0.9756650301946959,-0.9410780127865889,0.40484092248770065,-0.522496825747832,GSE136825
Healthy_IT,0.9871845096787097,-1.1686991263563888,0.41636040197171453,-0.750117939317632,GSE136825
Healthy_IT,-0.15218958900718924,-0.8935260050343811,-0.7230136967141845,-0.4749448179956242,GSE136825
Healthy_IT,-0.18108633877626132,0.9432948851855012,-0.7519104464832566,1.361876072224258,GSE136825
CRSwNP_NP,0.2900176602041416,0.024210403991785753,0.875986799814019,-0.4380365093491858,GSE136825
CRSwNP_NP,-0.6201772287723515,0.5078029702137087,-0.03420808916247409,0.045556056872737116,GSE136825
CRSwNP_NP,-0.5715980809919862,1.1921732971910202,0.01437105861789123,0.7299263838500486,GSE136825
CRSwNP_NP,-1.0287374857206153,1.4108521209430755,-0.4427683461107379,0.948605207602104,GSE136825
CRSwNP_NP,-1.310230312606848,0.1163710154310361,-0.7242611729969706,-0.34587589790993545,GSE136825
CRSwNP_NP,-1.0639517703873176,-1.0689012153385529,-0.4779826307774402,-1.5311481286795243,GSE136825
CRSwNP_NP,-0.906411948516026,-0.46726299538880817,-0.3204428089061486,-0.9295099087297798,GSE136825
CRSwNP_NP,-1.1149834109445942,-0.8732724169239787,-0.5290142713347168,-1.3355193302649502,GSE136825
CRSwNP_NP,-1.47265682079373,-0.15415409412869932,-0.8866876811838527,-0.6164010074696709,GSE136825
CRSwNP_NP,-0.041721480391579864,-0.8002125859200703,0.5442476592182975,-1.2624594992610418,GSE136825
CRSwNP_NP,-1.096196701138356,0.03873711426396931,-0.5102275615284786,-0.42350979907700226,GSE136825
CRSwNP_NP,-1.2400687557557952,0.006823940106139989,-0.6540996161459178,-0.45542297323483155,GSE136825
CRSwNP_NP,-0.5746550759588139,-0.3293821638556229,0.011314063651063466,-0.7916290771965945,GSE136825
CRSwNP_NP,-0.38705996587061264,-0.908138172851945,0.19890917373926476,-1.3703850861929165,GSE136825
CRSwNP_NP,0.3310929849121491,0.44037105331362575,0.9170621245220265,-0.021875860027345817,GSE136825
CRSwNP_NP,-0.7531464113884786,1.373904779951854,-0.1671772717786012,0.9116578666108824,GSE136825
CRSwNP_NP,-0.8419352348613703,1.3509225579502384,-0.25596609525149294,0.8886756446092668,GSE136825
CRSwNP_NP,0.2543624799790171,0.7908173977294601,0.8403316195888946,0.32857048438848857,GSE136825
CRSwNP_NP,-1.2605428385214354,-0.5456289174836465,-0.674573698911558,-1.007875830824618,GSE136825
CRSwNP_NP,-0.32060605952749943,0.012078895534039867,0.26536308008237797,-0.4501680178069317,GSE136825
CRSwNP_NP,-0.15912937701639968,1.7346558980958109,0.4268397625934777,1.2724089847548394,GSE136825
CRSwNP_NP,0.32842318117879943,0.073650236052688,0.9143923207886768,-0.38859667728828357,GSE136825
CRSwNP_NP,-1.3742794079151464,-0.27430969930031757,-0.788310268305269,-0.7365566126412891,GSE136825
CRSwNP_NP,-1.1638546997511683,1.3930647498195226,-0.5778855601412909,0.930817836478551,GSE136825
CRSwNP_NP,-0.6112685259535084,1.9380284470519307,-0.025299386343631047,1.475781533710959,GSE136825
CRSwNP_IT,-0.06798958808729312,0.05891259689161476,-0.3294328865060504,0.29206705517148135,GSE136825
CRSwNP_IT,-0.21877620040562204,0.9490414156723795,-0.4802194988243793,1.1821958739522462,GSE136825
CRSwNP_IT,0.5996004081295678,0.4128209239704784,0.33815710971081053,0.645975382250345,GSE136825
CRSwNP_IT,0.4299635615719553,-0.5276924943013157,0.168520263153198,-0.2945380360214491,GSE136825
CRSwNP_IT,-0.3760389187669619,-0.21259017485864573,-0.6374822171857192,0.020564283421220853,GSE136825
CRSwNP_IT,1.0597964908290352,-0.753177896560052,0.7983531924102778,-0.5200234382801854,GSE136825
CRSwNP_IT,0.20221366629834714,-0.8575566849456977,-0.05922963212041016,-0.6244022266658311,GSE136825
CRSwNP_IT,-0.2949453928428708,-2.1984453688289527,-0.556388691261628,-1.9652909105490861,GSE136825
CRSwNP_IT,0.7784169638978827,-0.8932105696394577,0.5169736654791255,-0.6600561113595911,GSE136825
CRSwNP_IT,0.8413628157468278,-0.037062015709902925,0.5799195173280705,0.19609244256996367,GSE136825
CRSwNP_IT,0.184702994183554,-1.0249350121242775,-0.07674030423520331,-0.7917805538444109,GSE136825
CRSwNP_IT,0.5920073330044862,-0.6317604223798934,0.33056403458572886,-0.3986059641000268,GSE136825
CRSwNP_IT,-0.5715337454568603,-0.003710156278079779,-0.8329770438756177,0.2294443020017868,GSE136825
CRSwNP_IT,-0.19859696717130443,0.16200628389592844,-0.4600402655900617,0.395160742175795,GSE136825
CRSwNP_IT,0.7700362475257642,-0.11672784126568256,0.5085929491070069,0.11642661701418403,GSE136825
CRSwNP_IT,0.9315418373525626,0.698106565524311,0.6700985389338052,0.9312610238041776,GSE136825
CRSwNP_IT,0.8575277786211775,0.15491770682187786,0.5960844802024201,0.38807216510174447,GSE136825
CRSwNP_IT,0.722560622913244,0.751796727272243,0.46111732449448667,0.9849511855521096,GSE136825
CRSwNP_IT,0.2468684150099242,-0.638120453249477,-0.01457488340883309,-0.4049659949696104,GSE136825
CRSwNP_IT,1.150782016378027,-0.6566969993544256,0.8893387179592696,-0.423542541074559,GSE136825
CRSwNP_IT,-0.28561987294859,-1.0817411880677341,-0.5470631713673473,-0.8485867297878675,GSE136825
CRSwNP_IT,-0.44080388255517133,-0.39392180899973805,-0.7022471809739286,-0.16076735071987147,GSE136825
CRSwNP_IT,0.9050736628290597,0.3186722130694817,0.6436303644103023,0.5518266713493483,GSE136825
CRSwNP_NP,-0.8250218229588675,2.1319344811938654,-0.2390526833489901,1.6696875678528937,GSE136825
CRSwNP_NP,0.7790842119268536,0.09098471578234611,1.365053351536731,-0.37126219755862544,GSE136825
CRSwNP_NP,-0.6331294870578694,1.4467367641540814,-0.047160347447992024,0.9844898508131098,GSE136825
CRSwNP_NP,-1.2089959730172404,0.619191104325759,-0.623026833407363,0.1569441909847874,GSE136825
CRSwNP_NP,-1.3518346171634537,-1.3881727858641342,-0.7658654775535763,-1.8504196992051059,GSE136825
CRSwNP_NP,-0.4444876658492172,1.1851766773841976,0.14148147376066023,0.7229297640432261,GSE136825
CRSwNP_NP,-1.023295053604887,1.3007388896391818,-0.43732591399500964,0.8384919762982103,GSE136825
Healthy_IT,0.9248385417836108,-0.2816768744749518,0.3540144340766156,0.13690431256380503,GSE136825
Healthy_IT,0.7558775529372469,0.3565136782063565,0.1850534452302517,0.7750948652451133,GSE136825
Healthy_IT,-1.3511493850781349,0.7780977896801636,-1.92197349278513,1.1966789767189205,GSE136825
Healthy_IT,1.027234170477813,-0.5559295393954328,0.45641006277081775,-0.13734835235667592,GSE136825
Healthy_IT,-0.08041964678500027,-1.081774602161063,-0.6512437544919955,-0.6631934151223062,GSE136825
Healthy_IT,1.0903380864173058,-1.613885877089264,0.5195139787103106,-1.195304690050507,GSE136825
Healthy_IT,-0.3155985565600026,-0.4777514909782465,-0.8864226642669978,-0.05917030393948963,GSE136825
Healthy_IT,0.7157143163026478,-0.2529643105712949,0.1448902085956526,0.16561687646746193,GSE136825
Healthy_IT,0.12683029998406176,-0.5795405837876343,-0.44399380772293345,-0.16095939674887744,GSE136825
Healthy_IT,0.3586519364186253,-0.14487908827146492,-0.2121721712883699,0.2737020987672919,GSE136825
Healthy_IT,0.5052507829964054,-0.9540457791144779,-0.06557332471058985,-0.5354645920757211,GSE136825
Healthy_IT,-0.29097969275836133,0.6028371531020752,-0.8618038004653565,1.021418340140832,GSE136825
Healthy_IT,0.7676979062233925,-0.0505555108423521,0.1968737985163973,0.36802567619640475,GSE136825
Healthy_IT,1.0187048334325357,-0.5405098648509777,0.4478807257255405,-0.12192867781222089,GSE136825
Healthy_IT,1.1680841833663995,-1.426023310310985,0.5972600756594043,-1.0074421232722282,GSE136825
Healthy_IT,0.9476959240200248,0.4525897649360383,0.3768718163130296,0.8711709519747952,GSE136825
Healthy_IT,0.5511483314175665,-0.1223229384798307,-0.019675776289428737,0.29625824855892613,GSE136825
Healthy_IT,0.3789442676278486,-0.20686330360779914,-0.1918798400791466,0.2117178834309577,GSE136825
Healthy_IT,1.2335165892724274,-1.62447667905855,0.6626924815654321,-1.2058954920197933,GSE136825
Healthy_IT,1.0303304555982855,-1.0075437000310627,0.4595063478912903,-0.588962512992306,GSE136825
Healthy_IT,0.9341851885914266,0.6223333911581874,0.3633610808844314,1.0409145781969442,GSE136825
Healthy_IT,1.2901550586441062,-0.835902952875522,0.719330950937111,-0.4173217658367651,GSE136825
Healthy_IT,0.37639557016491415,0.3297441051613831,-0.19442853754208106,0.74832529220014,GSE136825
