dataset,donor,disease,tissue,subtype,n_cells,n_secretory_candidates,median_ig_fraction,n_classified_secretory,proportion_of_candidates,proportion_of_classified,proportion
GSE235711,CRSsNP_1,CRSsNP,Ethmoid,Ambiguous_secretory,267,4225,1.8737469317393992e-05,4225,0.06319526627218935,0.06319526627218935,0.06319526627218935
GSE235711,CRSsNP_1,CRSsNP,Ethmoid,Goblet,57,4225,0.0,4225,0.01349112426035503,0.01349112426035503,0.01349112426035503
GSE235711,CRSsNP_1,CRSsNP,Ethmoid,Inflammatory_secretory,49,4225,0.0,4225,0.011597633136094675,0.011597633136094675,0.011597633136094675
GSE235711,CRSsNP_1,CRSsNP,Ethmoid,Mucous_glandular,31,4225,4.2837559972583965e-05,4225,0.0073372781065088755,0.0073372781065088755,0.0073372781065088755
GSE235711,CRSsNP_1,CRSsNP,Ethmoid,Serous_glandular,2785,4225,3.137058066944819e-05,4225,0.659171597633136,0.659171597633136,0.659171597633136
GSE235711,CRSsNP_1,CRSsNP,Ethmoid,Surface_club,310,4225,3.436136380225185e-05,4225,0.07337278106508875,0.07337278106508875,0.07337278106508875
GSE235711,CRSsNP_1,CRSsNP,Ethmoid,Transitional_secretory,726,4225,0.0,4225,0.17183431952662723,0.17183431952662723,0.17183431952662723
GSE235711,CRSsNP_2,CRSsNP,Ethmoid,Ambiguous_secretory,46,911,0.0,911,0.050493962678375415,0.050493962678375415,0.050493962678375415
GSE235711,CRSsNP_2,CRSsNP,Ethmoid,Goblet,9,911,0.0,911,0.009879253567508232,0.009879253567508232,0.009879253567508232
GSE235711,CRSsNP_2,CRSsNP,Ethmoid,Inflammatory_secretory,7,911,0.0,911,0.007683863885839737,0.007683863885839737,0.007683863885839737
GSE235711,CRSsNP_2,CRSsNP,Ethmoid,Mucous_glandular,6,911,0.00023496240601503758,911,0.006586169045005488,0.006586169045005488,0.006586169045005488
GSE235711,CRSsNP_2,CRSsNP,Ethmoid,Serous_glandular,596,911,0.0,911,0.6542261251372119,0.6542261251372119,0.6542261251372119
GSE235711,CRSsNP_2,CRSsNP,Ethmoid,Surface_club,75,911,0.0,911,0.08232711306256861,0.08232711306256861,0.08232711306256861
GSE235711,CRSsNP_2,CRSsNP,Ethmoid,Transitional_secretory,172,911,0.0,911,0.18880351262349068,0.18880351262349068,0.18880351262349068
GSE235711,CRSsNP_3,CRSsNP,Ethmoid,Ambiguous_secretory,58,1129,0.0004213631517413355,1129,0.05137289636846767,0.05137289636846767,0.05137289636846767
GSE235711,CRSsNP_3,CRSsNP,Ethmoid,Goblet,9,1129,0.000471253534401508,1129,0.007971656333038087,0.007971656333038087,0.007971656333038087
GSE235711,CRSsNP_3,CRSsNP,Ethmoid,Inflammatory_secretory,5,1129,0.0,1129,0.0044286979627989375,0.0044286979627989375,0.0044286979627989375
GSE235711,CRSsNP_3,CRSsNP,Ethmoid,Mucous_glandular,7,1129,0.0001256965684836804,1129,0.006200177147918512,0.006200177147918512,0.006200177147918512
GSE235711,CRSsNP_3,CRSsNP,Ethmoid,Serous_glandular,875,1129,0.00014194464158978,1129,0.775022143489814,0.775022143489814,0.775022143489814
GSE235711,CRSsNP_3,CRSsNP,Ethmoid,Surface_club,3,1129,0.00141643059490085,1129,0.002657218777679362,0.002657218777679362,0.002657218777679362
GSE235711,CRSsNP_3,CRSsNP,Ethmoid,Transitional_secretory,172,1129,0.00016685812040535358,1129,0.15234720992028344,0.15234720992028344,0.15234720992028344
GSE235711,CRSsNP_4,CRSsNP,Ethmoid,Ambiguous_secretory,105,2455,6.481861590648834e-05,2455,0.04276985743380855,0.04276985743380855,0.04276985743380855
GSE235711,CRSsNP_4,CRSsNP,Ethmoid,Goblet,19,2455,4.803766152663688e-05,2455,0.007739307535641548,0.007739307535641548,0.007739307535641548
GSE235711,CRSsNP_4,CRSsNP,Ethmoid,Inflammatory_secretory,28,2455,6.304525664177477e-05,2455,0.011405295315682282,0.011405295315682282,0.011405295315682282
GSE235711,CRSsNP_4,CRSsNP,Ethmoid,Mucous_glandular,2,2455,0.0,2455,0.000814663951120163,0.000814663951120163,0.000814663951120163
GSE235711,CRSsNP_4,CRSsNP,Ethmoid,Serous_glandular,1945,2455,6.946856547412296e-05,2455,0.7922606924643585,0.7922606924643585,0.7922606924643585
GSE235711,CRSsNP_4,CRSsNP,Ethmoid,Surface_club,3,2455,5.869577977343429e-05,2455,0.0012219959266802445,0.0012219959266802445,0.0012219959266802445
GSE235711,CRSsNP_4,CRSsNP,Ethmoid,Transitional_secretory,353,2455,5.791729410401946e-05,2455,0.14378818737270876,0.14378818737270876,0.14378818737270876
GSE235711,CRSsNP_5,CRSsNP,Ethmoid,Ambiguous_secretory,1,66,0.0,65,0.015151515151515152,0.015384615384615385,0.015384615384615385
GSE235711,CRSsNP_5,CRSsNP,Ethmoid,Goblet,0,66,,65,0.0,0.0,0.0
GSE235711,CRSsNP_5,CRSsNP,Ethmoid,Inflammatory_secretory,1,66,0.0,65,0.015151515151515152,0.015384615384615385,0.015384615384615385
GSE235711,CRSsNP_5,CRSsNP,Ethmoid,Mucous_glandular,3,66,0.0,65,0.045454545454545456,0.046153846153846156,0.046153846153846156
GSE235711,CRSsNP_5,CRSsNP,Ethmoid,Serous_glandular,53,66,1.2034563265699088e-05,65,0.803030303030303,0.8153846153846154,0.8153846153846154
GSE235711,CRSsNP_5,CRSsNP,Ethmoid,Surface_club,0,66,,65,0.0,0.0,0.0
GSE235711,CRSsNP_5,CRSsNP,Ethmoid,Transitional_secretory,7,66,0.0,65,0.10606060606060606,0.1076923076923077,0.1076923076923077
GSE235711,CRSwNP_1,CRSwNP,Ethmoid,Ambiguous_secretory,2,128,0.0,128,0.015625,0.015625,0.015625
GSE235711,CRSwNP_1,CRSwNP,Ethmoid,Goblet,0,128,,128,0.0,0.0,0.0
GSE235711,CRSwNP_1,CRSwNP,Ethmoid,Inflammatory_secretory,4,128,0.0,128,0.03125,0.03125,0.03125
GSE235711,CRSwNP_1,CRSwNP,Ethmoid,Mucous_glandular,2,128,0.13309786354238456,128,0.015625,0.015625,0.015625
GSE235711,CRSwNP_1,CRSwNP,Ethmoid,Serous_glandular,105,128,0.0,128,0.8203125,0.8203125,0.8203125
GSE235711,CRSwNP_1,CRSwNP,Ethmoid,Surface_club,0,128,,128,0.0,0.0,0.0
GSE235711,CRSwNP_1,CRSwNP,Ethmoid,Transitional_secretory,15,128,0.0,128,0.1171875,0.1171875,0.1171875
GSE235711,CRSwNP_1,CRSwNP,Nasal_polyp,Ambiguous_secretory,57,1113,0.0,1113,0.05121293800539083,0.05121293800539083,0.05121293800539083
GSE235711,CRSwNP_1,CRSwNP,Nasal_polyp,Goblet,21,1113,2.3430178069353328e-05,1113,0.018867924528301886,0.018867924528301886,0.018867924528301886
GSE235711,CRSwNP_1,CRSwNP,Nasal_polyp,Inflammatory_secretory,604,1113,0.0,1113,0.5426774483378257,0.5426774483378257,0.5426774483378257
GSE235711,CRSwNP_1,CRSwNP,Nasal_polyp,Mucous_glandular,2,1113,0.0,1113,0.0017969451931716084,0.0017969451931716084,0.0017969451931716084
GSE235711,CRSwNP_1,CRSwNP,Nasal_polyp,Serous_glandular,216,1113,0.0,1113,0.1940700808625337,0.1940700808625337,0.1940700808625337
GSE235711,CRSwNP_1,CRSwNP,Nasal_polyp,Surface_club,1,1113,0.014805675508945095,1113,0.0008984725965858042,0.0008984725965858042,0.0008984725965858042
GSE235711,CRSwNP_1,CRSwNP,Nasal_polyp,Transitional_secretory,212,1113,0.0,1113,0.19047619047619047,0.19047619047619047,0.19047619047619047
GSE235711,CRSwNP_2,CRSwNP,Ethmoid,Ambiguous_secretory,3,124,0.0,124,0.024193548387096774,0.024193548387096774,0.024193548387096774
GSE235711,CRSwNP_2,CRSwNP,Ethmoid,Goblet,1,124,0.0,124,0.008064516129032258,0.008064516129032258,0.008064516129032258
GSE235711,CRSwNP_2,CRSwNP,Ethmoid,Inflammatory_secretory,26,124,3.4390716615749835e-05,124,0.20967741935483872,0.20967741935483872,0.20967741935483872
GSE235711,CRSwNP_2,CRSwNP,Ethmoid,Mucous_glandular,1,124,0.0,124,0.008064516129032258,0.008064516129032258,0.008064516129032258
GSE235711,CRSwNP_2,CRSwNP,Ethmoid,Serous_glandular,68,124,0.0,124,0.5483870967741935,0.5483870967741935,0.5483870967741935
GSE235711,CRSwNP_2,CRSwNP,Ethmoid,Surface_club,0,124,,124,0.0,0.0,0.0
GSE235711,CRSwNP_2,CRSwNP,Ethmoid,Transitional_secretory,25,124,0.0,124,0.20161290322580644,0.20161290322580644,0.20161290322580644
GSE235711,CRSwNP_2,CRSwNP,Nasal_polyp,Ambiguous_secretory,20,459,6.800012220834473e-05,459,0.04357298474945534,0.04357298474945534,0.04357298474945534
GSE235711,CRSwNP_2,CRSwNP,Nasal_polyp,Goblet,2,459,0.0006556036556036556,459,0.004357298474945534,0.004357298474945534,0.004357298474945534
GSE235711,CRSwNP_2,CRSwNP,Nasal_polyp,Inflammatory_secretory,5,459,0.00022644927536231884,459,0.010893246187363835,0.010893246187363835,0.010893246187363835
GSE235711,CRSwNP_2,CRSwNP,Nasal_polyp,Mucous_glandular,1,459,6.222000995520159e-05,459,0.002178649237472767,0.002178649237472767,0.002178649237472767
GSE235711,CRSwNP_2,CRSwNP,Nasal_polyp,Serous_glandular,378,459,0.00011076960226409128,459,0.8235294117647058,0.8235294117647058,0.8235294117647058
GSE235711,CRSwNP_2,CRSwNP,Nasal_polyp,Surface_club,1,459,0.0005819028222286878,459,0.002178649237472767,0.002178649237472767,0.002178649237472767
GSE235711,CRSwNP_2,CRSwNP,Nasal_polyp,Transitional_secretory,52,459,9.855228492631281e-05,459,0.11328976034858387,0.11328976034858387,0.11328976034858387
GSE235711,CRSwNP_3,CRSwNP,Ethmoid,Ambiguous_secretory,61,934,0.0,934,0.06531049250535331,0.06531049250535331,0.06531049250535331
GSE235711,CRSwNP_3,CRSwNP,Ethmoid,Goblet,2,934,0.0,934,0.0021413276231263384,0.0021413276231263384,0.0021413276231263384
GSE235711,CRSwNP_3,CRSwNP,Ethmoid,Inflammatory_secretory,178,934,0.0,934,0.1905781584582441,0.1905781584582441,0.1905781584582441
GSE235711,CRSwNP_3,CRSwNP,Ethmoid,Mucous_glandular,10,934,0.0,934,0.010706638115631691,0.010706638115631691,0.010706638115631691
GSE235711,CRSwNP_3,CRSwNP,Ethmoid,Serous_glandular,490,934,0.0,934,0.5246252676659529,0.5246252676659529,0.5246252676659529
GSE235711,CRSwNP_3,CRSwNP,Ethmoid,Surface_club,4,934,0.0,934,0.004282655246252677,0.004282655246252677,0.004282655246252677
GSE235711,CRSwNP_3,CRSwNP,Ethmoid,Transitional_secretory,189,934,0.0,934,0.20235546038543897,0.20235546038543897,0.20235546038543897
GSE235711,CRSwNP_3,CRSwNP,Nasal_polyp,Ambiguous_secretory,153,3671,0.0,3671,0.041678016889131024,0.041678016889131024,0.041678016889131024
GSE235711,CRSwNP_3,CRSwNP,Nasal_polyp,Goblet,8,3671,0.0,3671,0.002179242713157178,0.002179242713157178,0.002179242713157178
GSE235711,CRSwNP_3,CRSwNP,Nasal_polyp,Inflammatory_secretory,409,3671,0.0,3671,0.11141378371016072,0.11141378371016072,0.11141378371016072
GSE235711,CRSwNP_3,CRSwNP,Nasal_polyp,Mucous_glandular,5,3671,0.0,3671,0.001362026695723236,0.001362026695723236,0.001362026695723236
GSE235711,CRSwNP_3,CRSwNP,Nasal_polyp,Serous_glandular,2327,3671,0.0,3671,0.6338872241895941,0.6338872241895941,0.6338872241895941
GSE235711,CRSwNP_3,CRSwNP,Nasal_polyp,Surface_club,2,3671,0.000427715996578272,3671,0.0005448106782892945,0.0005448106782892945,0.0005448106782892945
GSE235711,CRSwNP_3,CRSwNP,Nasal_polyp,Transitional_secretory,767,3671,0.0,3671,0.20893489512394442,0.20893489512394442,0.20893489512394442
GSE235711,CRSwNP_4,CRSwNP,Nasal_polyp,Ambiguous_secretory,38,611,0.0003266199174568266,611,0.062193126022913256,0.062193126022913256,0.062193126022913256
GSE235711,CRSwNP_4,CRSwNP,Nasal_polyp,Goblet,4,611,0.001385916002262958,611,0.006546644844517185,0.006546644844517185,0.006546644844517185
GSE235711,CRSwNP_4,CRSwNP,Nasal_polyp,Inflammatory_secretory,20,611,0.0004087118718455124,611,0.03273322422258593,0.03273322422258593,0.03273322422258593
GSE235711,CRSwNP_4,CRSwNP,Nasal_polyp,Mucous_glandular,6,611,0.0003479471120389701,611,0.009819967266775777,0.009819967266775777,0.009819967266775777
GSE235711,CRSwNP_4,CRSwNP,Nasal_polyp,Serous_glandular,427,611,0.00013807704699222165,611,0.6988543371522095,0.6988543371522095,0.6988543371522095
GSE235711,CRSwNP_4,CRSwNP,Nasal_polyp,Surface_club,1,611,0.0,611,0.0016366612111292963,0.0016366612111292963,0.0016366612111292963
GSE235711,CRSwNP_4,CRSwNP,Nasal_polyp,Transitional_secretory,115,611,0.00015733165512901197,611,0.18821603927986907,0.18821603927986907,0.18821603927986907
GSE235711,CRSwNP_5,CRSwNP,Nasal_polyp,Ambiguous_secretory,78,1330,0.00014726936551495343,1330,0.058646616541353384,0.058646616541353384,0.058646616541353384
GSE235711,CRSwNP_5,CRSwNP,Nasal_polyp,Goblet,37,1330,0.0001097574360662935,1330,0.027819548872180452,0.027819548872180452,0.027819548872180452
GSE235711,CRSwNP_5,CRSwNP,Nasal_polyp,Inflammatory_secretory,759,1330,0.00012026458208057727,1330,0.5706766917293233,0.5706766917293233,0.5706766917293233
GSE235711,CRSwNP_5,CRSwNP,Nasal_polyp,Mucous_glandular,0,1330,,1330,0.0,0.0,0.0
GSE235711,CRSwNP_5,CRSwNP,Nasal_polyp,Serous_glandular,339,1330,0.00011742602160638798,1330,0.2548872180451128,0.2548872180451128,0.2548872180451128
GSE235711,CRSwNP_5,CRSwNP,Nasal_polyp,Surface_club,2,1330,0.000661554266739252,1330,0.0015037593984962407,0.0015037593984962407,0.0015037593984962407
GSE235711,CRSwNP_5,CRSwNP,Nasal_polyp,Transitional_secretory,115,1330,0.00017346053772766696,1330,0.08646616541353383,0.08646616541353383,0.08646616541353383
GSE235711,CRSwNP_6,CRSwNP,Ethmoid,Ambiguous_secretory,12,202,0.0,202,0.0594059405940594,0.0594059405940594,0.0594059405940594
GSE235711,CRSwNP_6,CRSwNP,Ethmoid,Goblet,0,202,,202,0.0,0.0,0.0
GSE235711,CRSwNP_6,CRSwNP,Ethmoid,Inflammatory_secretory,23,202,0.0,202,0.11386138613861387,0.11386138613861387,0.11386138613861387
GSE235711,CRSwNP_6,CRSwNP,Ethmoid,Mucous_glandular,5,202,3.279279870140517e-05,202,0.024752475247524754,0.024752475247524754,0.024752475247524754
GSE235711,CRSwNP_6,CRSwNP,Ethmoid,Serous_glandular,129,202,0.0,202,0.6386138613861386,0.6386138613861386,0.6386138613861386
GSE235711,CRSwNP_6,CRSwNP,Ethmoid,Surface_club,0,202,,202,0.0,0.0,0.0
GSE235711,CRSwNP_6,CRSwNP,Ethmoid,Transitional_secretory,33,202,0.0,202,0.16336633663366337,0.16336633663366337,0.16336633663366337
GSE235711,CRSwNP_6,CRSwNP,Nasal_polyp,Ambiguous_secretory,21,354,0.0,354,0.059322033898305086,0.059322033898305086,0.059322033898305086
GSE235711,CRSwNP_6,CRSwNP,Nasal_polyp,Goblet,3,354,0.0001026167265264238,354,0.00847457627118644,0.00847457627118644,0.00847457627118644
GSE235711,CRSwNP_6,CRSwNP,Nasal_polyp,Inflammatory_secretory,211,354,2.939188196220204e-05,354,0.596045197740113,0.596045197740113,0.596045197740113
GSE235711,CRSwNP_6,CRSwNP,Nasal_polyp,Mucous_glandular,0,354,,354,0.0,0.0,0.0
GSE235711,CRSwNP_6,CRSwNP,Nasal_polyp,Serous_glandular,64,354,2.354457766378381e-05,354,0.1807909604519774,0.1807909604519774,0.1807909604519774
GSE235711,CRSwNP_6,CRSwNP,Nasal_polyp,Surface_club,2,354,0.00025407961733024724,354,0.005649717514124294,0.005649717514124294,0.005649717514124294
GSE235711,CRSwNP_6,CRSwNP,Nasal_polyp,Transitional_secretory,53,354,0.0,354,0.1497175141242938,0.1497175141242938,0.1497175141242938
GSE235711,HC_1,Healthy,Ethmoid,Ambiguous_secretory,137,2442,0.0,2442,0.0561015561015561,0.0561015561015561,0.0561015561015561
GSE235711,HC_1,Healthy,Ethmoid,Goblet,5,2442,0.0,2442,0.0020475020475020475,0.0020475020475020475,0.0020475020475020475
GSE235711,HC_1,Healthy,Ethmoid,Inflammatory_secretory,32,2442,0.0,2442,0.013104013104013105,0.013104013104013105,0.013104013104013105
GSE235711,HC_1,Healthy,Ethmoid,Mucous_glandular,7,2442,0.0,2442,0.0028665028665028664,0.0028665028665028664,0.0028665028665028664
GSE235711,HC_1,Healthy,Ethmoid,Serous_glandular,1847,2442,0.0,2442,0.7563472563472563,0.7563472563472563,0.7563472563472563
GSE235711,HC_1,Healthy,Ethmoid,Surface_club,109,2442,0.0,2442,0.04463554463554464,0.04463554463554464,0.04463554463554464
GSE235711,HC_1,Healthy,Ethmoid,Transitional_secretory,305,2442,0.0,2442,0.1248976248976249,0.1248976248976249,0.1248976248976249
GSE235711,HC_2,Healthy,Ethmoid,Ambiguous_secretory,52,1064,0.0,1063,0.04887218045112782,0.04891815616180621,0.04891815616180621
GSE235711,HC_2,Healthy,Ethmoid,Goblet,10,1064,0.0,1063,0.009398496240601503,0.00940733772342427,0.00940733772342427
GSE235711,HC_2,Healthy,Ethmoid,Inflammatory_secretory,8,1064,0.0,1063,0.007518796992481203,0.007525870178739417,0.007525870178739417
GSE235711,HC_2,Healthy,Ethmoid,Mucous_glandular,16,1064,6.694471036371061e-06,1063,0.015037593984962405,0.015051740357478834,0.015051740357478834
GSE235711,HC_2,Healthy,Ethmoid,Serous_glandular,792,1064,0.0,1063,0.7443609022556391,0.7450611476952023,0.7450611476952023
GSE235711,HC_2,Healthy,Ethmoid,Surface_club,60,1064,0.0,1063,0.05639097744360902,0.05644402634054563,0.05644402634054563
GSE235711,HC_2,Healthy,Ethmoid,Transitional_secretory,125,1064,0.0,1063,0.1174812030075188,0.11759172154280338,0.11759172154280338
GSE235711,HC_3,Healthy,Ethmoid,Ambiguous_secretory,44,1009,0.0,1009,0.04360753221010902,0.04360753221010902,0.04360753221010902
GSE235711,HC_3,Healthy,Ethmoid,Goblet,4,1009,0.00031486146095717883,1009,0.003964321110009911,0.003964321110009911,0.003964321110009911
GSE235711,HC_3,Healthy,Ethmoid,Inflammatory_secretory,14,1009,5.246589716684155e-05,1009,0.013875123885034688,0.013875123885034688,0.013875123885034688
GSE235711,HC_3,Healthy,Ethmoid,Mucous_glandular,13,1009,0.0,1009,0.01288404360753221,0.01288404360753221,0.01288404360753221
GSE235711,HC_3,Healthy,Ethmoid,Serous_glandular,680,1009,0.0,1009,0.6739345887016849,0.6739345887016849,0.6739345887016849
GSE235711,HC_3,Healthy,Ethmoid,Surface_club,17,1009,0.0,1009,0.01684836471754212,0.01684836471754212,0.01684836471754212
GSE235711,HC_3,Healthy,Ethmoid,Transitional_secretory,237,1009,0.0,1009,0.2348860257680872,0.2348860257680872,0.2348860257680872
GSE235711,HC_4,Healthy,Ethmoid,Ambiguous_secretory,29,1022,0.00013544018058690745,1021,0.02837573385518591,0.02840352595494613,0.02840352595494613
GSE235711,HC_4,Healthy,Ethmoid,Goblet,4,1022,0.0001482799525504152,1021,0.003913894324853229,0.0039177277179236044,0.0039177277179236044
GSE235711,HC_4,Healthy,Ethmoid,Inflammatory_secretory,3,1022,0.0,1021,0.0029354207436399216,0.002938295788442703,0.002938295788442703
GSE235711,HC_4,Healthy,Ethmoid,Mucous_glandular,38,1022,8.645154656226846e-05,1021,0.03718199608610567,0.03721841332027424,0.03721841332027424
GSE235711,HC_4,Healthy,Ethmoid,Serous_glandular,816,1022,7.312213343873037e-05,1021,0.7984344422700587,0.7992164544564153,0.7992164544564153
GSE235711,HC_4,Healthy,Ethmoid,Surface_club,46,1022,0.0,1021,0.04500978473581213,0.04505386875612145,0.04505386875612145
GSE235711,HC_4,Healthy,Ethmoid,Transitional_secretory,85,1022,0.0,1021,0.08317025440313111,0.0832517140058766,0.0832517140058766
GSE235711,HC_5,Healthy,Ethmoid,Ambiguous_secretory,9,319,0.0,319,0.02821316614420063,0.02821316614420063,0.02821316614420063
GSE235711,HC_5,Healthy,Ethmoid,Goblet,3,319,0.0,319,0.009404388714733543,0.009404388714733543,0.009404388714733543
GSE235711,HC_5,Healthy,Ethmoid,Inflammatory_secretory,0,319,,319,0.0,0.0,0.0
GSE235711,HC_5,Healthy,Ethmoid,Mucous_glandular,8,319,0.0,319,0.025078369905956112,0.025078369905956112,0.025078369905956112
GSE235711,HC_5,Healthy,Ethmoid,Serous_glandular,242,319,0.0,319,0.7586206896551724,0.7586206896551724,0.7586206896551724
GSE235711,HC_5,Healthy,Ethmoid,Surface_club,25,319,0.0,319,0.07836990595611286,0.07836990595611286,0.07836990595611286
GSE235711,HC_5,Healthy,Ethmoid,Transitional_secretory,32,319,0.0,319,0.10031347962382445,0.10031347962382445,0.10031347962382445
GSE261706,AR1,AR,Inferior_turbinate,Ambiguous_secretory,436,8789,0.0,8789,0.04960746387529867,0.04960746387529867,0.04960746387529867
GSE261706,AR1,AR,Inferior_turbinate,Goblet,76,8789,0.0,8789,0.008647172602116282,0.008647172602116282,0.008647172602116282
GSE261706,AR1,AR,Inferior_turbinate,Inflammatory_secretory,85,8789,0.0,8789,0.009671179883945842,0.009671179883945842,0.009671179883945842
GSE261706,AR1,AR,Inferior_turbinate,Mucous_glandular,212,8789,0.0,8789,0.024121060416429627,0.024121060416429627,0.024121060416429627
GSE261706,AR1,AR,Inferior_turbinate,Serous_glandular,3954,8789,0.0,8789,0.44988053248378657,0.44988053248378657,0.44988053248378657
GSE261706,AR1,AR,Inferior_turbinate,Surface_club,24,8789,0.0,8789,0.0027306860848788257,0.0027306860848788257,0.0027306860848788257
GSE261706,AR1,AR,Inferior_turbinate,Transitional_secretory,4002,8789,0.0,8789,0.4553419046535442,0.4553419046535442,0.4553419046535442
GSE261706,AR2,AR,Inferior_turbinate,Ambiguous_secretory,321,5407,0.0,5407,0.05936748659145552,0.05936748659145552,0.05936748659145552
GSE261706,AR2,AR,Inferior_turbinate,Goblet,142,5407,0.0,5407,0.026262252635472536,0.026262252635472536,0.026262252635472536
GSE261706,AR2,AR,Inferior_turbinate,Inflammatory_secretory,1917,5407,0.0,5407,0.35454041057887925,0.35454041057887925,0.35454041057887925
GSE261706,AR2,AR,Inferior_turbinate,Mucous_glandular,49,5407,0.0,5407,0.009062326613648974,0.009062326613648974,0.009062326613648974
GSE261706,AR2,AR,Inferior_turbinate,Serous_glandular,1272,5407,0.0,5407,0.23525060107268356,0.23525060107268356,0.23525060107268356
GSE261706,AR2,AR,Inferior_turbinate,Surface_club,7,5407,0.0,5407,0.0012946180876641392,0.0012946180876641392,0.0012946180876641392
GSE261706,AR2,AR,Inferior_turbinate,Transitional_secretory,1699,5407,0.0,5407,0.31422230442019605,0.31422230442019605,0.31422230442019605
GSE261706,CON1,Healthy,Inferior_turbinate,Ambiguous_secretory,96,3038,0.0,3038,0.031599736668861095,0.031599736668861095,0.031599736668861095
GSE261706,CON1,Healthy,Inferior_turbinate,Goblet,17,3038,0.0,3038,0.005595786701777485,0.005595786701777485,0.005595786701777485
GSE261706,CON1,Healthy,Inferior_turbinate,Inflammatory_secretory,15,3038,0.0,3038,0.004937458854509546,0.004937458854509546,0.004937458854509546
GSE261706,CON1,Healthy,Inferior_turbinate,Mucous_glandular,13,3038,0.0,3038,0.004279131007241606,0.004279131007241606,0.004279131007241606
GSE261706,CON1,Healthy,Inferior_turbinate,Serous_glandular,677,3038,0.0,3038,0.2228439763001975,0.2228439763001975,0.2228439763001975
GSE261706,CON1,Healthy,Inferior_turbinate,Surface_club,28,3038,0.0,3038,0.009216589861751152,0.009216589861751152,0.009216589861751152
GSE261706,CON1,Healthy,Inferior_turbinate,Transitional_secretory,2192,3038,0.0,3038,0.7215273206056616,0.7215273206056616,0.7215273206056616
GSE261706,CON2,Healthy,Inferior_turbinate,Ambiguous_secretory,625,9362,0.0,9362,0.06675923947874386,0.06675923947874386,0.06675923947874386
GSE261706,CON2,Healthy,Inferior_turbinate,Goblet,81,9362,0.0,9362,0.008651997436445204,0.008651997436445204,0.008651997436445204
GSE261706,CON2,Healthy,Inferior_turbinate,Inflammatory_secretory,83,9362,0.0,9362,0.008865627002777184,0.008865627002777184,0.008865627002777184
GSE261706,CON2,Healthy,Inferior_turbinate,Mucous_glandular,67,9362,0.0,9362,0.007156590472121342,0.007156590472121342,0.007156590472121342
GSE261706,CON2,Healthy,Inferior_turbinate,Serous_glandular,1850,9362,0.0,9362,0.1976073488570818,0.1976073488570818,0.1976073488570818
GSE261706,CON2,Healthy,Inferior_turbinate,Surface_club,744,9362,0.0,9362,0.07947019867549669,0.07947019867549669,0.07947019867549669
GSE261706,CON2,Healthy,Inferior_turbinate,Transitional_secretory,5912,9362,0.0,9362,0.6314889980773339,0.6314889980773339,0.6314889980773339
GSE276503,CRSIT12,CRSwNP,Inferior_turbinate,Ambiguous_secretory,161,3402,0.0,3402,0.047325102880658436,0.047325102880658436,0.047325102880658436
GSE276503,CRSIT12,CRSwNP,Inferior_turbinate,Goblet,17,3402,0.0,3402,0.0049970605526161085,0.0049970605526161085,0.0049970605526161085
GSE276503,CRSIT12,CRSwNP,Inferior_turbinate,Inflammatory_secretory,29,3402,0.0,3402,0.008524397413286302,0.008524397413286302,0.008524397413286302
GSE276503,CRSIT12,CRSwNP,Inferior_turbinate,Mucous_glandular,134,3402,0.0,3402,0.0393885949441505,0.0393885949441505,0.0393885949441505
GSE276503,CRSIT12,CRSwNP,Inferior_turbinate,Serous_glandular,1298,3402,0.0,3402,0.38154027042915933,0.38154027042915933,0.38154027042915933
GSE276503,CRSIT12,CRSwNP,Inferior_turbinate,Surface_club,12,3402,0.0,3402,0.003527336860670194,0.003527336860670194,0.003527336860670194
GSE276503,CRSIT12,CRSwNP,Inferior_turbinate,Transitional_secretory,1751,3402,0.0,3402,0.5146972369194591,0.5146972369194591,0.5146972369194591
GSE276503,CRSIT13,CRSwNP,Inferior_turbinate,Ambiguous_secretory,135,3705,0.0,3705,0.03643724696356275,0.03643724696356275,0.03643724696356275
GSE276503,CRSIT13,CRSwNP,Inferior_turbinate,Goblet,14,3705,0.0,3705,0.003778677462887989,0.003778677462887989,0.003778677462887989
GSE276503,CRSIT13,CRSwNP,Inferior_turbinate,Inflammatory_secretory,25,3705,0.0,3705,0.006747638326585695,0.006747638326585695,0.006747638326585695
GSE276503,CRSIT13,CRSwNP,Inferior_turbinate,Mucous_glandular,71,3705,0.0,3705,0.019163292847503375,0.019163292847503375,0.019163292847503375
GSE276503,CRSIT13,CRSwNP,Inferior_turbinate,Serous_glandular,1087,3705,0.0,3705,0.29338731443994603,0.29338731443994603,0.29338731443994603
GSE276503,CRSIT13,CRSwNP,Inferior_turbinate,Surface_club,3,3705,0.0,3705,0.0008097165991902834,0.0008097165991902834,0.0008097165991902834
GSE276503,CRSIT13,CRSwNP,Inferior_turbinate,Transitional_secretory,2370,3705,0.0,3705,0.6396761133603239,0.6396761133603239,0.6396761133603239
GSE276503,CRSIT16,CRSwNP,Inferior_turbinate,Ambiguous_secretory,23,1473,0.0,1473,0.015614392396469789,0.015614392396469789,0.015614392396469789
GSE276503,CRSIT16,CRSwNP,Inferior_turbinate,Goblet,3,1473,0.0,1473,0.002036659877800407,0.002036659877800407,0.002036659877800407
GSE276503,CRSIT16,CRSwNP,Inferior_turbinate,Inflammatory_secretory,24,1473,0.0,1473,0.016293279022403257,0.016293279022403257,0.016293279022403257
GSE276503,CRSIT16,CRSwNP,Inferior_turbinate,Mucous_glandular,76,1473,0.0,1473,0.051595383570943655,0.051595383570943655,0.051595383570943655
GSE276503,CRSIT16,CRSwNP,Inferior_turbinate,Serous_glandular,1114,1473,0.0,1473,0.7562797012898846,0.7562797012898846,0.7562797012898846
GSE276503,CRSIT16,CRSwNP,Inferior_turbinate,Surface_club,0,1473,,1473,0.0,0.0,0.0
GSE276503,CRSIT16,CRSwNP,Inferior_turbinate,Transitional_secretory,233,1473,0.0,1473,0.1581805838424983,0.1581805838424983,0.1581805838424983
GSE276503,CRSIT17,CRSwNP,Inferior_turbinate,Ambiguous_secretory,51,2126,0.0,2126,0.02398871119473189,0.02398871119473189,0.02398871119473189
GSE276503,CRSIT17,CRSwNP,Inferior_turbinate,Goblet,4,2126,0.0,2126,0.0018814675446848542,0.0018814675446848542,0.0018814675446848542
GSE276503,CRSIT17,CRSwNP,Inferior_turbinate,Inflammatory_secretory,1,2126,0.0002232142857142857,2126,0.00047036688617121356,0.00047036688617121356,0.00047036688617121356
GSE276503,CRSIT17,CRSwNP,Inferior_turbinate,Mucous_glandular,210,2126,0.0,2126,0.09877704609595485,0.09877704609595485,0.09877704609595485
GSE276503,CRSIT17,CRSwNP,Inferior_turbinate,Serous_glandular,1710,2126,0.0,2126,0.8043273753527752,0.8043273753527752,0.8043273753527752
GSE276503,CRSIT17,CRSwNP,Inferior_turbinate,Surface_club,0,2126,,2126,0.0,0.0,0.0
GSE276503,CRSIT17,CRSwNP,Inferior_turbinate,Transitional_secretory,150,2126,0.0,2126,0.07055503292568203,0.07055503292568203,0.07055503292568203
GSE276503,CRSIT18,CRSwNP,Inferior_turbinate,Ambiguous_secretory,48,1848,0.0,1848,0.025974025974025976,0.025974025974025976,0.025974025974025976
GSE276503,CRSIT18,CRSwNP,Inferior_turbinate,Goblet,2,1848,0.0,1848,0.0010822510822510823,0.0010822510822510823,0.0010822510822510823
GSE276503,CRSIT18,CRSwNP,Inferior_turbinate,Inflammatory_secretory,0,1848,,1848,0.0,0.0,0.0
GSE276503,CRSIT18,CRSwNP,Inferior_turbinate,Mucous_glandular,184,1848,0.0,1848,0.09956709956709957,0.09956709956709957,0.09956709956709957
GSE276503,CRSIT18,CRSwNP,Inferior_turbinate,Serous_glandular,1490,1848,0.0,1848,0.8062770562770563,0.8062770562770563,0.8062770562770563
GSE276503,CRSIT18,CRSwNP,Inferior_turbinate,Surface_club,1,1848,0.0,1848,0.0005411255411255411,0.0005411255411255411,0.0005411255411255411
GSE276503,CRSIT18,CRSwNP,Inferior_turbinate,Transitional_secretory,123,1848,0.0,1848,0.06655844155844155,0.06655844155844155,0.06655844155844155
GSE276503,CRSIT19,CRSwNP,Inferior_turbinate,Ambiguous_secretory,48,1334,0.0,1334,0.035982008995502246,0.035982008995502246,0.035982008995502246
GSE276503,CRSIT19,CRSwNP,Inferior_turbinate,Goblet,2,1334,0.00012447099825740602,1334,0.0014992503748125937,0.0014992503748125937,0.0014992503748125937
GSE276503,CRSIT19,CRSwNP,Inferior_turbinate,Inflammatory_secretory,0,1334,,1334,0.0,0.0,0.0
GSE276503,CRSIT19,CRSwNP,Inferior_turbinate,Mucous_glandular,170,1334,0.0,1334,0.12743628185907047,0.12743628185907047,0.12743628185907047
GSE276503,CRSIT19,CRSwNP,Inferior_turbinate,Serous_glandular,986,1334,0.0,1334,0.7391304347826086,0.7391304347826086,0.7391304347826086
GSE276503,CRSIT19,CRSwNP,Inferior_turbinate,Surface_club,0,1334,,1334,0.0,0.0,0.0
GSE276503,CRSIT19,CRSwNP,Inferior_turbinate,Transitional_secretory,128,1334,0.0,1334,0.095952023988006,0.095952023988006,0.095952023988006
GSE276503,CRSMT21,CRSwNP,Middle_turbinate,Ambiguous_secretory,52,3863,0.0,3863,0.013461040641988092,0.013461040641988092,0.013461040641988092
GSE276503,CRSMT21,CRSwNP,Middle_turbinate,Goblet,0,3863,,3863,0.0,0.0,0.0
GSE276503,CRSMT21,CRSwNP,Middle_turbinate,Inflammatory_secretory,13,3863,0.0,3863,0.003365260160497023,0.003365260160497023,0.003365260160497023
GSE276503,CRSMT21,CRSwNP,Middle_turbinate,Mucous_glandular,236,3863,0.0,3863,0.06109241522133057,0.06109241522133057,0.06109241522133057
GSE276503,CRSMT21,CRSwNP,Middle_turbinate,Serous_glandular,3383,3863,0.0,3863,0.8757442402278022,0.8757442402278022,0.8757442402278022
GSE276503,CRSMT21,CRSwNP,Middle_turbinate,Surface_club,0,3863,,3863,0.0,0.0,0.0
GSE276503,CRSMT21,CRSwNP,Middle_turbinate,Transitional_secretory,179,3863,0.0,3863,0.04633704374838209,0.04633704374838209,0.04633704374838209
GSE276503,CRSMT23,CRSwNP,Middle_turbinate,Ambiguous_secretory,17,295,0.0,295,0.0576271186440678,0.0576271186440678,0.0576271186440678
GSE276503,CRSMT23,CRSwNP,Middle_turbinate,Goblet,1,295,0.0,295,0.003389830508474576,0.003389830508474576,0.003389830508474576
GSE276503,CRSMT23,CRSwNP,Middle_turbinate,Inflammatory_secretory,25,295,0.0,295,0.0847457627118644,0.0847457627118644,0.0847457627118644
GSE276503,CRSMT23,CRSwNP,Middle_turbinate,Mucous_glandular,5,295,0.0,295,0.01694915254237288,0.01694915254237288,0.01694915254237288
GSE276503,CRSMT23,CRSwNP,Middle_turbinate,Serous_glandular,192,295,0.0,295,0.6508474576271186,0.6508474576271186,0.6508474576271186
GSE276503,CRSMT23,CRSwNP,Middle_turbinate,Surface_club,1,295,0.0,295,0.003389830508474576,0.003389830508474576,0.003389830508474576
GSE276503,CRSMT23,CRSwNP,Middle_turbinate,Transitional_secretory,54,295,0.0,295,0.18305084745762712,0.18305084745762712,0.18305084745762712
GSE276503,CRSMT24,CRSwNP,Middle_turbinate,Ambiguous_secretory,7,182,0.0,181,0.038461538461538464,0.03867403314917127,0.03867403314917127
GSE276503,CRSMT24,CRSwNP,Middle_turbinate,Goblet,1,182,0.0,181,0.005494505494505495,0.0055248618784530384,0.0055248618784530384
GSE276503,CRSMT24,CRSwNP,Middle_turbinate,Inflammatory_secretory,14,182,0.0,181,0.07692307692307693,0.07734806629834254,0.07734806629834254
GSE276503,CRSMT24,CRSwNP,Middle_turbinate,Mucous_glandular,11,182,0.0,181,0.06043956043956044,0.06077348066298342,0.06077348066298342
GSE276503,CRSMT24,CRSwNP,Middle_turbinate,Serous_glandular,111,182,0.0,181,0.6098901098901099,0.6132596685082873,0.6132596685082873
GSE276503,CRSMT24,CRSwNP,Middle_turbinate,Surface_club,3,182,0.0,181,0.016483516483516484,0.016574585635359115,0.016574585635359115
GSE276503,CRSMT24,CRSwNP,Middle_turbinate,Transitional_secretory,34,182,0.0,181,0.18681318681318682,0.1878453038674033,0.1878453038674033
GSE276503,CRSMT25,CRSwNP,Middle_turbinate,Ambiguous_secretory,76,2965,0.0,2965,0.025632377740303542,0.025632377740303542,0.025632377740303542
GSE276503,CRSMT25,CRSwNP,Middle_turbinate,Goblet,11,2965,0.0,2965,0.003709949409780776,0.003709949409780776,0.003709949409780776
GSE276503,CRSMT25,CRSwNP,Middle_turbinate,Inflammatory_secretory,11,2965,0.0,2965,0.003709949409780776,0.003709949409780776,0.003709949409780776
GSE276503,CRSMT25,CRSwNP,Middle_turbinate,Mucous_glandular,49,2965,0.0,2965,0.016526138279932545,0.016526138279932545,0.016526138279932545
GSE276503,CRSMT25,CRSwNP,Middle_turbinate,Serous_glandular,2557,2965,0.0,2965,0.8623946037099494,0.8623946037099494,0.8623946037099494
GSE276503,CRSMT25,CRSwNP,Middle_turbinate,Surface_club,1,2965,0.0,2965,0.0003372681281618887,0.0003372681281618887,0.0003372681281618887
GSE276503,CRSMT25,CRSwNP,Middle_turbinate,Transitional_secretory,260,2965,0.0,2965,0.08768971332209106,0.08768971332209106,0.08768971332209106
GSE276503,CRSMT26,CRSwNP,Middle_turbinate,Ambiguous_secretory,65,2456,0.0,2456,0.026465798045602607,0.026465798045602607,0.026465798045602607
GSE276503,CRSMT26,CRSwNP,Middle_turbinate,Goblet,9,2456,0.0,2456,0.0036644951140065146,0.0036644951140065146,0.0036644951140065146
GSE276503,CRSMT26,CRSwNP,Middle_turbinate,Inflammatory_secretory,7,2456,0.0,2456,0.0028501628664495114,0.0028501628664495114,0.0028501628664495114
GSE276503,CRSMT26,CRSwNP,Middle_turbinate,Mucous_glandular,51,2456,0.0,2456,0.020765472312703582,0.020765472312703582,0.020765472312703582
GSE276503,CRSMT26,CRSwNP,Middle_turbinate,Serous_glandular,2078,2456,0.0,2456,0.8460912052117264,0.8460912052117264,0.8460912052117264
GSE276503,CRSMT26,CRSwNP,Middle_turbinate,Surface_club,1,2456,0.0,2456,0.00040716612377850165,0.00040716612377850165,0.00040716612377850165
GSE276503,CRSMT26,CRSwNP,Middle_turbinate,Transitional_secretory,245,2456,0.0,2456,0.0997557003257329,0.0997557003257329,0.0997557003257329
GSE276503,CRSMT27,CRSwNP,Middle_turbinate,Ambiguous_secretory,66,2390,0.0,2390,0.027615062761506277,0.027615062761506277,0.027615062761506277
GSE276503,CRSMT27,CRSwNP,Middle_turbinate,Goblet,7,2390,0.0,2390,0.0029288702928870294,0.0029288702928870294,0.0029288702928870294
GSE276503,CRSMT27,CRSwNP,Middle_turbinate,Inflammatory_secretory,11,2390,0.0,2390,0.004602510460251046,0.004602510460251046,0.004602510460251046
GSE276503,CRSMT27,CRSwNP,Middle_turbinate,Mucous_glandular,58,2390,0.0,2390,0.024267782426778243,0.024267782426778243,0.024267782426778243
GSE276503,CRSMT27,CRSwNP,Middle_turbinate,Serous_glandular,2002,2390,0.0,2390,0.8376569037656904,0.8376569037656904,0.8376569037656904
GSE276503,CRSMT27,CRSwNP,Middle_turbinate,Surface_club,1,2390,0.0,2390,0.00041841004184100416,0.00041841004184100416,0.00041841004184100416
GSE276503,CRSMT27,CRSwNP,Middle_turbinate,Transitional_secretory,245,2390,0.0,2390,0.10251046025104603,0.10251046025104603,0.10251046025104603
GSE276503,CRSNP31,CRSwNP,Nasal_polyp,Ambiguous_secretory,68,977,0.0014542833946532812,976,0.06960081883316274,0.06967213114754098,0.06967213114754098
GSE276503,CRSNP31,CRSwNP,Nasal_polyp,Goblet,35,977,0.0029239766081871343,976,0.03582395087001024,0.035860655737704916,0.035860655737704916
GSE276503,CRSNP31,CRSwNP,Nasal_polyp,Inflammatory_secretory,93,977,0.0013037155894298751,976,0.09518935516888434,0.09528688524590163,0.09528688524590163
GSE276503,CRSNP31,CRSwNP,Nasal_polyp,Mucous_glandular,0,977,,976,0.0,0.0,0.0
GSE276503,CRSNP31,CRSwNP,Nasal_polyp,Serous_glandular,546,977,0.001690352313279105,976,0.5588536335721597,0.5594262295081968,0.5594262295081968
GSE276503,CRSNP31,CRSwNP,Nasal_polyp,Surface_club,0,977,,976,0.0,0.0,0.0
GSE276503,CRSNP31,CRSwNP,Nasal_polyp,Transitional_secretory,234,977,0.0015565263079982488,976,0.23950870010235414,0.23975409836065573,0.23975409836065573
GSE276503,CRSNP32,CRSwNP,Nasal_polyp,Ambiguous_secretory,61,929,0.001054767817565222,928,0.06566200215285253,0.06573275862068965,0.06573275862068965
GSE276503,CRSNP32,CRSwNP,Nasal_polyp,Goblet,59,929,0.0011124243899047486,928,0.06350914962325081,0.06357758620689655,0.06357758620689655
GSE276503,CRSNP32,CRSwNP,Nasal_polyp,Inflammatory_secretory,112,929,0.0008938912003691598,928,0.12055974165769645,0.1206896551724138,0.1206896551724138
GSE276503,CRSNP32,CRSwNP,Nasal_polyp,Mucous_glandular,2,929,0.0007202278502312215,928,0.002152852529601722,0.0021551724137931034,0.0021551724137931034
GSE276503,CRSNP32,CRSwNP,Nasal_polyp,Serous_glandular,436,929,0.001092198859229062,928,0.46932185145317545,0.4698275862068966,0.4698275862068966
GSE276503,CRSNP32,CRSwNP,Nasal_polyp,Surface_club,3,929,0.00047904191616766467,928,0.0032292787944025836,0.003232758620689655,0.003232758620689655
GSE276503,CRSNP32,CRSwNP,Nasal_polyp,Transitional_secretory,255,929,0.0010042401249721045,928,0.2744886975242196,0.27478448275862066,0.27478448275862066
GSE276503,CRSNP33,CRSwNP,Nasal_polyp,Ambiguous_secretory,92,1334,0.00035245900359284223,1331,0.06896551724137931,0.06912096168294515,0.06912096168294515
GSE276503,CRSNP33,CRSwNP,Nasal_polyp,Goblet,9,1334,0.00037397157816005983,1331,0.006746626686656672,0.0067618332081141996,0.0067618332081141996
GSE276503,CRSNP33,CRSwNP,Nasal_polyp,Inflammatory_secretory,141,1334,0.0003281019303330235,1331,0.10569715142428786,0.10593538692712247,0.10593538692712247
GSE276503,CRSNP33,CRSwNP,Nasal_polyp,Mucous_glandular,0,1334,,1331,0.0,0.0,0.0
GSE276503,CRSNP33,CRSwNP,Nasal_polyp,Serous_glandular,524,1334,0.00033297110611487,1331,0.39280359820089955,0.39368895567242673,0.39368895567242673
GSE276503,CRSNP33,CRSwNP,Nasal_polyp,Surface_club,1,1334,0.0,1331,0.0007496251874062968,0.0007513148009015778,0.0007513148009015778
GSE276503,CRSNP33,CRSwNP,Nasal_polyp,Transitional_secretory,564,1334,0.00032200045080744467,1331,0.42278860569715143,0.4237415477084899,0.4237415477084899
GSE276503,CRSNP34,CRSwNP,Nasal_polyp,Ambiguous_secretory,106,1321,0.000306315890247836,1320,0.08024224072672217,0.0803030303030303,0.0803030303030303
GSE276503,CRSNP34,CRSwNP,Nasal_polyp,Goblet,47,1321,0.0004008819402685909,1320,0.03557910673732021,0.035606060606060606,0.035606060606060606
GSE276503,CRSNP34,CRSwNP,Nasal_polyp,Inflammatory_secretory,92,1321,0.0003115637647191978,1320,0.0696442089326268,0.0696969696969697,0.0696969696969697
GSE276503,CRSNP34,CRSwNP,Nasal_polyp,Mucous_glandular,1,1321,0.00042716787697565144,1320,0.000757002271006813,0.0007575757575757576,0.0007575757575757576
GSE276503,CRSNP34,CRSwNP,Nasal_polyp,Serous_glandular,537,1321,0.0003431002538941879,1320,0.4065102195306586,0.4068181818181818,0.4068181818181818
GSE276503,CRSNP34,CRSwNP,Nasal_polyp,Surface_club,3,1321,0.000641025641025641,1320,0.002271006813020439,0.0022727272727272726,0.0022727272727272726
GSE276503,CRSNP34,CRSwNP,Nasal_polyp,Transitional_secretory,534,1321,0.00035720378878685544,1320,0.40423921271763813,0.40454545454545454,0.40454545454545454
GSE276503,CRSNP35,CRSwNP,Nasal_polyp,Ambiguous_secretory,129,2203,0.00014310246136233542,2201,0.05855651384475715,0.05860972285324852,0.05860972285324852
GSE276503,CRSNP35,CRSwNP,Nasal_polyp,Goblet,20,2203,6.530541164177805e-05,2201,0.009078529278256923,0.009086778736937756,0.009086778736937756
GSE276503,CRSNP35,CRSwNP,Nasal_polyp,Inflammatory_secretory,472,2203,0.00011377601563661806,2201,0.21425329096686338,0.21444797819173103,0.21444797819173103
GSE276503,CRSNP35,CRSwNP,Nasal_polyp,Mucous_glandular,2,2203,0.00010782833728703904,2201,0.0009078529278256923,0.0009086778736937755,0.0009086778736937755
GSE276503,CRSNP35,CRSwNP,Nasal_polyp,Serous_glandular,252,2203,0.00014034169277823768,2201,0.11438946890603723,0.11449341208541572,0.11449341208541572
GSE276503,CRSNP35,CRSwNP,Nasal_polyp,Surface_club,2,2203,0.0013897467572575664,2201,0.0009078529278256923,0.0009086778736937755,0.0009086778736937755
GSE276503,CRSNP35,CRSwNP,Nasal_polyp,Transitional_secretory,1324,2203,0.00011439055266456908,2201,0.6009986382206083,0.6015447523852794,0.6015447523852794
GSE276503,CRSNP36,CRSwNP,Nasal_polyp,Ambiguous_secretory,111,1981,0.00013386880856760375,1975,0.05603230691569914,0.05620253164556962,0.05620253164556962
GSE276503,CRSNP36,CRSwNP,Nasal_polyp,Goblet,11,1981,0.00018117817579459572,1975,0.005552751135790005,0.005569620253164557,0.005569620253164557
GSE276503,CRSNP36,CRSwNP,Nasal_polyp,Inflammatory_secretory,449,1981,0.00013829345871940258,1975,0.22665320545179202,0.22734177215189874,0.22734177215189874
GSE276503,CRSNP36,CRSwNP,Nasal_polyp,Mucous_glandular,4,1981,0.00022366167856934362,1975,0.0020191822311963654,0.0020253164556962027,0.0020253164556962027
GSE276503,CRSNP36,CRSwNP,Nasal_polyp,Serous_glandular,253,1981,0.00012584948401711554,1975,0.12771327612317013,0.1281012658227848,0.1281012658227848
GSE276503,CRSNP36,CRSwNP,Nasal_polyp,Surface_club,4,1981,0.00024366229617518056,1975,0.0020191822311963654,0.0020253164556962027,0.0020253164556962027
GSE276503,CRSNP36,CRSwNP,Nasal_polyp,Transitional_secretory,1143,1981,0.00014539110206455364,1975,0.5769813225643614,0.5787341772151898,0.5787341772151898
GSE276503,CRSNP37,CRSwNP,Nasal_polyp,Ambiguous_secretory,176,3295,0.0,3294,0.053414264036418815,0.05343047965998786,0.05343047965998786
GSE276503,CRSNP37,CRSwNP,Nasal_polyp,Goblet,26,3295,0.0,3294,0.007890743550834597,0.007893139040680024,0.007893139040680024
GSE276503,CRSNP37,CRSwNP,Nasal_polyp,Inflammatory_secretory,755,3295,0.0,3294,0.2291350531107739,0.2292046144505161,0.2292046144505161
GSE276503,CRSNP37,CRSwNP,Nasal_polyp,Mucous_glandular,2,3295,0.0,3294,0.0006069802731411229,0.0006071645415907711,0.0006071645415907711
GSE276503,CRSNP37,CRSwNP,Nasal_polyp,Serous_glandular,551,3295,0.0,3294,0.16722306525037936,0.16727383120825745,0.16727383120825745
GSE276503,CRSNP37,CRSwNP,Nasal_polyp,Surface_club,1,3295,0.0,3294,0.00030349013657056146,0.00030358227079538557,0.00030358227079538557
GSE276503,CRSNP37,CRSwNP,Nasal_polyp,Transitional_secretory,1783,3295,0.0,3294,0.541122913505311,0.5412871888281724,0.5412871888281724
GSE276503,CRSNP38,CRSwNP,Nasal_polyp,Ambiguous_secretory,250,5192,0.0,5192,0.04815100154083205,0.04815100154083205,0.04815100154083205
GSE276503,CRSNP38,CRSwNP,Nasal_polyp,Goblet,37,5192,0.0,5192,0.007126348228043144,0.007126348228043144,0.007126348228043144
GSE276503,CRSNP38,CRSwNP,Nasal_polyp,Inflammatory_secretory,1322,5192,0.0,5192,0.2546224961479199,0.2546224961479199,0.2546224961479199
GSE276503,CRSNP38,CRSwNP,Nasal_polyp,Mucous_glandular,5,5192,6.629101756711965e-05,5192,0.000963020030816641,0.000963020030816641,0.000963020030816641
GSE276503,CRSNP38,CRSwNP,Nasal_polyp,Serous_glandular,810,5192,0.0,5192,0.15600924499229585,0.15600924499229585,0.15600924499229585
GSE276503,CRSNP38,CRSwNP,Nasal_polyp,Surface_club,3,5192,0.0004675081813931744,5192,0.0005778120184899846,0.0005778120184899846,0.0005778120184899846
GSE276503,CRSNP38,CRSwNP,Nasal_polyp,Transitional_secretory,2765,5192,0.0,5192,0.5325500770416025,0.5325500770416025,0.5325500770416025
GSE276503,CRSNP39,CRSwNP,Nasal_polyp,Ambiguous_secretory,48,1144,0.0003829574806006658,1143,0.04195804195804196,0.04199475065616798,0.04199475065616798
GSE276503,CRSNP39,CRSwNP,Nasal_polyp,Goblet,17,1144,0.0006601749463607857,1143,0.01486013986013986,0.014873140857392825,0.014873140857392825
GSE276503,CRSNP39,CRSwNP,Nasal_polyp,Inflammatory_secretory,115,1144,0.00037684654808561955,1143,0.10052447552447552,0.10061242344706911,0.10061242344706911
GSE276503,CRSNP39,CRSwNP,Nasal_polyp,Mucous_glandular,0,1144,,1143,0.0,0.0,0.0
GSE276503,CRSNP39,CRSwNP,Nasal_polyp,Serous_glandular,113,1144,0.00044863167339614175,1143,0.09877622377622378,0.09886264216972879,0.09886264216972879
GSE276503,CRSNP39,CRSwNP,Nasal_polyp,Surface_club,4,1144,0.000459751872411089,1143,0.0034965034965034965,0.003499562554680665,0.003499562554680665
GSE276503,CRSNP39,CRSwNP,Nasal_polyp,Transitional_secretory,846,1144,0.0004082966302024813,1143,0.7395104895104895,0.7401574803149606,0.7401574803149606
GSE276503,CRSNP40,CRSwNP,Nasal_polyp,Ambiguous_secretory,64,1180,0.0003117469769571635,1175,0.05423728813559322,0.05446808510638298,0.05446808510638298
GSE276503,CRSNP40,CRSwNP,Nasal_polyp,Goblet,24,1180,0.0001416067873300377,1175,0.020338983050847456,0.020425531914893616,0.020425531914893616
GSE276503,CRSNP40,CRSwNP,Nasal_polyp,Inflammatory_secretory,107,1180,0.00027477811667078836,1175,0.09067796610169492,0.09106382978723404,0.09106382978723404
GSE276503,CRSNP40,CRSwNP,Nasal_polyp,Mucous_glandular,2,1180,0.0005339429804957844,1175,0.001694915254237288,0.001702127659574468,0.001702127659574468
GSE276503,CRSNP40,CRSwNP,Nasal_polyp,Serous_glandular,127,1180,0.00030152268958239106,1175,0.10762711864406779,0.10808510638297872,0.10808510638297872
GSE276503,CRSNP40,CRSwNP,Nasal_polyp,Surface_club,1,1180,0.0010607265977194379,1175,0.000847457627118644,0.000851063829787234,0.000851063829787234
GSE276503,CRSNP40,CRSwNP,Nasal_polyp,Transitional_secretory,850,1180,0.00027221317611362573,1175,0.7203389830508474,0.723404255319149,0.723404255319149
GSE276503,CRSNP41,CRSwNP,Nasal_polyp,Ambiguous_secretory,234,2753,0.00033620008567479065,2750,0.08499818379949146,0.08509090909090909,0.08509090909090909
GSE276503,CRSNP41,CRSwNP,Nasal_polyp,Goblet,9,2753,0.0013831258644536654,2750,0.0032691609153650564,0.0032727272727272726,0.0032727272727272726
GSE276503,CRSNP41,CRSwNP,Nasal_polyp,Inflammatory_secretory,500,2753,0.0002973393499122594,2750,0.18162005085361424,0.18181818181818182,0.18181818181818182
GSE276503,CRSNP41,CRSwNP,Nasal_polyp,Mucous_glandular,2,2753,0.0011314702181911861,2750,0.000726480203414457,0.0007272727272727272,0.0007272727272727272
GSE276503,CRSNP41,CRSwNP,Nasal_polyp,Serous_glandular,497,2753,0.0003311532411623479,2750,0.18053033054849255,0.18072727272727274,0.18072727272727274
GSE276503,CRSNP41,CRSwNP,Nasal_polyp,Surface_club,2,2753,0.0008077936553245447,2750,0.000726480203414457,0.0007272727272727272,0.0007272727272727272
GSE276503,CRSNP41,CRSwNP,Nasal_polyp,Transitional_secretory,1506,2753,0.00033283410781479047,2750,0.5470395931710861,0.5476363636363636,0.5476363636363636
GSE276503,CRSNP42,CRSwNP,Nasal_polyp,Ambiguous_secretory,270,3055,0.0002769508795409983,3051,0.088379705400982,0.08849557522123894,0.08849557522123894
GSE276503,CRSNP42,CRSwNP,Nasal_polyp,Goblet,4,3055,0.0006263862681534613,3051,0.001309328968903437,0.0013110455588331695,0.0013110455588331695
GSE276503,CRSNP42,CRSwNP,Nasal_polyp,Inflammatory_secretory,518,3055,0.0002631511642652262,3051,0.16955810147299508,0.16978039986889545,0.16978039986889545
GSE276503,CRSNP42,CRSwNP,Nasal_polyp,Mucous_glandular,3,3055,0.00029120559114735004,3051,0.0009819967266775777,0.0009832841691248771,0.0009832841691248771
GSE276503,CRSNP42,CRSwNP,Nasal_polyp,Serous_glandular,531,3055,0.00029115714166874635,3051,0.17381342062193125,0.17404129793510326,0.17404129793510326
GSE276503,CRSNP42,CRSwNP,Nasal_polyp,Surface_club,7,3055,0.0002863278453829635,3051,0.0022913256955810145,0.0022943297279580466,0.0022943297279580466
GSE276503,CRSNP42,CRSwNP,Nasal_polyp,Transitional_secretory,1718,3055,0.00027243008526675735,3051,0.5623567921440262,0.5630940675188463,0.5630940675188463
GSE276503,CRSNP43,CRSwNP,Nasal_polyp,Ambiguous_secretory,64,1690,0.0014087621194210853,1688,0.0378698224852071,0.037914691943127965,0.037914691943127965
GSE276503,CRSNP43,CRSwNP,Nasal_polyp,Goblet,15,1690,0.0014993244801792599,1688,0.008875739644970414,0.008886255924170616,0.008886255924170616
GSE276503,CRSNP43,CRSwNP,Nasal_polyp,Inflammatory_secretory,30,1690,0.001269750083257904,1688,0.01775147928994083,0.017772511848341232,0.017772511848341232
GSE276503,CRSNP43,CRSwNP,Nasal_polyp,Mucous_glandular,1,1690,0.0012875536480686696,1688,0.000591715976331361,0.0005924170616113745,0.0005924170616113745
GSE276503,CRSNP43,CRSwNP,Nasal_polyp,Serous_glandular,557,1690,0.0014332123065163387,1688,0.329585798816568,0.3299763033175355,0.3299763033175355
GSE276503,CRSNP43,CRSwNP,Nasal_polyp,Surface_club,9,1690,0.0016363264471262017,1688,0.0053254437869822485,0.00533175355450237,0.00533175355450237
GSE276503,CRSNP43,CRSwNP,Nasal_polyp,Transitional_secretory,1012,1690,0.0012552289003192692,1688,0.5988165680473373,0.5995260663507109,0.5995260663507109
GSE276503,CRSNP44,CRSwNP,Nasal_polyp,Ambiguous_secretory,64,1558,0.0014276016032973083,1557,0.0410783055198973,0.04110468850353243,0.04110468850353243
GSE276503,CRSNP44,CRSwNP,Nasal_polyp,Goblet,2,1558,0.0018538327765892232,1557,0.0012836970474967907,0.0012845215157353885,0.0012845215157353885
GSE276503,CRSNP44,CRSwNP,Nasal_polyp,Inflammatory_secretory,20,1558,0.0012551562856658476,1557,0.012836970474967908,0.012845215157353885,0.012845215157353885
GSE276503,CRSNP44,CRSwNP,Nasal_polyp,Mucous_glandular,1,1558,0.0027247956403269754,1557,0.0006418485237483953,0.0006422607578676942,0.0006422607578676942
GSE276503,CRSNP44,CRSwNP,Nasal_polyp,Serous_glandular,508,1558,0.0012871345721387146,1557,0.32605905006418484,0.3262684649967887,0.3262684649967887
GSE276503,CRSNP44,CRSwNP,Nasal_polyp,Surface_club,1,1558,0.00138071797334614,1557,0.0006418485237483953,0.0006422607578676942,0.0006422607578676942
GSE276503,CRSNP44,CRSwNP,Nasal_polyp,Transitional_secretory,961,1558,0.0011064075428131614,1557,0.616816431322208,0.6172125883108542,0.6172125883108542
GSE276503,CRSNP45,CRSwNP,Nasal_polyp,Ambiguous_secretory,68,1469,0.001110578081591747,1469,0.04628999319264806,0.04628999319264806,0.04628999319264806
GSE276503,CRSNP45,CRSwNP,Nasal_polyp,Goblet,4,1469,0.0043082414603289355,1469,0.002722940776038121,0.002722940776038121,0.002722940776038121
GSE276503,CRSNP45,CRSwNP,Nasal_polyp,Inflammatory_secretory,30,1469,0.001014908949129866,1469,0.02042205582028591,0.02042205582028591,0.02042205582028591
GSE276503,CRSNP45,CRSwNP,Nasal_polyp,Mucous_glandular,0,1469,,1469,0.0,0.0,0.0
GSE276503,CRSNP45,CRSwNP,Nasal_polyp,Serous_glandular,537,1469,0.0011719894520949312,1469,0.3655547991831178,0.3655547991831178,0.3655547991831178
GSE276503,CRSNP45,CRSwNP,Nasal_polyp,Surface_club,5,1469,0.0017262213015708614,1469,0.0034036759700476512,0.0034036759700476512,0.0034036759700476512
GSE276503,CRSNP45,CRSwNP,Nasal_polyp,Transitional_secretory,825,1469,0.0009411553802715905,1469,0.5616065350578625,0.5616065350578625,0.5616065350578625
GSE276503,HCIT01,Healthy,Inferior_turbinate,Ambiguous_secretory,148,3122,0.0,3122,0.04740550928891736,0.04740550928891736,0.04740550928891736
GSE276503,HCIT01,Healthy,Inferior_turbinate,Goblet,5,3122,0.0,3122,0.0016015374759769379,0.0016015374759769379,0.0016015374759769379
GSE276503,HCIT01,Healthy,Inferior_turbinate,Inflammatory_secretory,25,3122,0.0,3122,0.008007687379884689,0.008007687379884689,0.008007687379884689
GSE276503,HCIT01,Healthy,Inferior_turbinate,Mucous_glandular,34,3122,0.0,3122,0.010890454836643177,0.010890454836643177,0.010890454836643177
GSE276503,HCIT01,Healthy,Inferior_turbinate,Serous_glandular,2441,3122,0.0,3122,0.7818705957719411,0.7818705957719411,0.7818705957719411
GSE276503,HCIT01,Healthy,Inferior_turbinate,Surface_club,27,3122,0.0,3122,0.008648302370275465,0.008648302370275465,0.008648302370275465
GSE276503,HCIT01,Healthy,Inferior_turbinate,Transitional_secretory,442,3122,2.7684463078370644e-05,3122,0.14157591287636132,0.14157591287636132,0.14157591287636132
GSE276503,HCIT02,Healthy,Inferior_turbinate,Ambiguous_secretory,142,2829,2.8499836622647146e-05,2829,0.05019441498762814,0.05019441498762814,0.05019441498762814
GSE276503,HCIT02,Healthy,Inferior_turbinate,Goblet,46,2829,3.977063497591891e-05,2829,0.016260162601626018,0.016260162601626018,0.016260162601626018
GSE276503,HCIT02,Healthy,Inferior_turbinate,Inflammatory_secretory,37,2829,0.0,2829,0.013078826440438318,0.013078826440438318,0.013078826440438318
GSE276503,HCIT02,Healthy,Inferior_turbinate,Mucous_glandular,42,2829,0.0,2829,0.014846235418875928,0.014846235418875928,0.014846235418875928
GSE276503,HCIT02,Healthy,Inferior_turbinate,Serous_glandular,2070,2829,0.0,2829,0.7317073170731707,0.7317073170731707,0.7317073170731707
GSE276503,HCIT02,Healthy,Inferior_turbinate,Surface_club,33,2829,2.703287197231834e-05,2829,0.01166489925768823,0.01166489925768823,0.01166489925768823
GSE276503,HCIT02,Healthy,Inferior_turbinate,Transitional_secretory,459,2829,3.1427763286086926e-05,2829,0.16224814422057265,0.16224814422057265,0.16224814422057265
