dataset,contrast,subtype,n_case,n_control,median_case,median_control,median_difference,p,positive_pairs,negative_pairs
GSE235711,CRSsNP_vs_Healthy_Ethmoid,Ambiguous_secretory,5,5,0.0504939626783754,0.043607532210109,0.006886430468266404,0.6904761904761905,,
GSE235711,CRSsNP_vs_Healthy_Ethmoid,Goblet,5,5,0.007971656333038,0.0039643211100099,0.0040073352230281,0.5476190476190477,,
GSE235711,CRSsNP_vs_Healthy_Ethmoid,Inflammatory_secretory,5,5,0.0114052953156822,0.0075258701787394,0.0038794251369428006,0.5476190476190477,,
GSE235711,CRSsNP_vs_Healthy_Ethmoid,Mucous_glandular,5,5,0.0065861690450054,0.0150517403574788,-0.0084655713124734,0.42063492063492064,,
GSE235711,CRSsNP_vs_Healthy_Ethmoid,Serous_glandular,5,5,0.775022143489814,0.7563472563472563,0.018674887142557717,1.0,,
GSE235711,CRSsNP_vs_Healthy_Ethmoid,Surface_club,5,5,0.0026572187776793,0.0450538687561214,-0.0423966499784421,0.5476190476190477,,
GSE235711,CRSsNP_vs_Healthy_Ethmoid,Transitional_secretory,5,5,0.1523472099202834,0.1175917215428033,0.03475548837748009,0.30952380952380953,,
GSE235711,CRSwNP_vs_Healthy_Ethmoid,Ambiguous_secretory,4,5,0.04179974449057805,0.043607532210109,-0.001807787719530947,1.0,,
GSE235711,CRSwNP_vs_Healthy_Ethmoid,Goblet,4,5,0.00107066381156315,0.0039643211100099,-0.0028936572984467504,0.17609777149412875,,
GSE235711,CRSwNP_vs_Healthy_Ethmoid,Inflammatory_secretory,4,5,0.15221977229842895,0.0075258701787394,0.14469390211968955,0.015873015873015872,,
GSE235711,CRSwNP_vs_Healthy_Ethmoid,Mucous_glandular,4,5,0.0131658190578158,0.0150517403574788,-0.0018859212996629997,0.7301587301587302,,
GSE235711,CRSwNP_vs_Healthy_Ethmoid,Serous_glandular,4,5,0.5935004790801661,0.7563472563472563,-0.16284677726709018,0.2857142857142857,,
GSE235711,CRSwNP_vs_Healthy_Ethmoid,Surface_club,4,5,0.0,0.0450538687561214,-0.0450538687561214,0.017942811335638128,,
GSE235711,CRSwNP_vs_Healthy_Ethmoid,Transitional_secretory,4,5,0.18248961992973484,0.1175917215428033,0.06489789838693154,0.4126984126984127,,
GSE276503,CRSwNP_vs_Healthy_Inferior_turbinate,Ambiguous_secretory,6,2,0.03097801748476405,0.0487999621382727,-0.017821944653508653,0.07142857142857142,,
GSE276503,CRSwNP_vs_Healthy_Inferior_turbinate,Goblet,6,2,0.0019590637112426,0.00893085003880145,-0.0069717863275588505,0.6428571428571428,,
GSE276503,CRSwNP_vs_Healthy_Inferior_turbinate,Inflammatory_secretory,6,2,0.0036090026063784,0.01054325691016145,-0.006934254303783051,0.40184068446548316,,
GSE276503,CRSwNP_vs_Healthy_Inferior_turbinate,Mucous_glandular,6,2,0.0751862148334492,0.0128683451277595,0.0623178697056897,0.07142857142857142,,
GSE276503,CRSwNP_vs_Healthy_Inferior_turbinate,Serous_glandular,6,2,0.7477050680362467,0.7567889564225558,-0.009083888386309136,1.0,,
GSE276503,CRSwNP_vs_Healthy_Inferior_turbinate,Surface_club,6,2,0.00027056277056275,0.0101566008139818,-0.009886038043419051,0.06029808713337021,,
GSE276503,CRSwNP_vs_Healthy_Inferior_turbinate,Transitional_secretory,6,2,0.12706630391525214,0.15191202854846694,-0.0248457246332148,0.8571428571428571,,
GSE261706,AR_vs_Healthy_Inferior_turbinate,Ambiguous_secretory,2,2,0.05448747523337705,0.0491794880738024,0.005307987159574645,1.0,,
GSE261706,AR_vs_Healthy_Inferior_turbinate,Goblet,2,2,0.01745471261879435,0.0071238920691113,0.01033082054968305,0.6666666666666666,,
GSE261706,AR_vs_Healthy_Inferior_turbinate,Inflammatory_secretory,2,2,0.1821057952314125,0.0069015429286433,0.17520425230276918,0.3333333333333333,,
GSE261706,AR_vs_Healthy_Inferior_turbinate,Mucous_glandular,2,2,0.01659169351503925,0.00571786073968145,0.010873832775357799,0.3333333333333333,,
GSE261706,AR_vs_Healthy_Inferior_turbinate,Serous_glandular,2,2,0.342565566778235,0.21022566257863967,0.13233990419959535,0.3333333333333333,,
GSE261706,AR_vs_Healthy_Inferior_turbinate,Surface_club,2,2,0.0020126520862714502,0.04434339426862385,-0.042330742182352395,0.3333333333333333,,
GSE261706,AR_vs_Healthy_Inferior_turbinate,Transitional_secretory,2,2,0.3847821045368701,0.6765081593414978,-0.29172605480462765,0.3333333333333333,,
GSE235711,paired_polyp_vs_ethmoid,Ambiguous_secretory,4,4,0.04739296137742305,0.04179974449057805,0.009647764833302099,0.875,2.0,2.0
GSE235711,paired_polyp_vs_ethmoid,Goblet,4,4,0.0064159373730659506,0.00107066381156315,0.0042562456806086,0.375,3.0,1.0
GSE235711,paired_polyp_vs_ethmoid,Inflammatory_secretory,4,4,0.3270456160239932,0.15221977229842895,0.2015097184267079,0.625,2.0,2.0
GSE235711,paired_polyp_vs_ethmoid,Mucous_glandular,4,4,0.0015794859444473999,0.0131658190578158,-0.0115863331133684,0.125,0.0,4.0
GSE235711,paired_polyp_vs_ethmoid,Serous_glandular,4,4,0.4139786525260639,0.5935004790801661,-0.17428047220526,0.625,2.0,2.0
GSE235711,paired_polyp_vs_ethmoid,Surface_club,4,4,0.0015385609170292499,0.0,0.0015385609170292499,0.625,3.0,1.0
GSE235711,paired_polyp_vs_ethmoid,Transitional_secretory,4,4,0.1700968523002421,0.18248961992973484,-0.003534693885431997,0.875,2.0,2.0
GSE276503,Nasal_polyp_vs_Inferior_turbinate,Ambiguous_secretory,15,6,0.0562025316455696,0.03097801748476405,0.02522451416080555,0.00044228217602830603,,
GSE276503,Nasal_polyp_vs_Inferior_turbinate,Goblet,15,6,0.00789313904068,0.0019590637112426,0.0059340753294374,0.014300457024915229,,
GSE276503,Nasal_polyp_vs_Inferior_turbinate,Inflammatory_secretory,15,6,0.1059353869271224,0.0036090026063784,0.102326384320744,0.0007051460597496819,,
GSE276503,Nasal_polyp_vs_Inferior_turbinate,Mucous_glandular,15,6,0.0007272727272727,0.0751862148334492,-0.0744589421061765,0.0005096678867367333,,
GSE276503,Nasal_polyp_vs_Inferior_turbinate,Serous_glandular,15,6,0.1807272727272727,0.7477050680362467,-0.566977795308974,0.006228807312398643,,
GSE276503,Nasal_polyp_vs_Inferior_turbinate,Surface_club,15,6,0.0009086778736937,0.00027056277056275,0.0006381151031309499,0.10096738871615134,,
GSE276503,Nasal_polyp_vs_Inferior_turbinate,Transitional_secretory,15,6,0.5616065350578625,0.12706630391525214,0.43454023114261037,0.02926433731387292,,
