dataset,donor,disease,tissue,subtype,n_cells,n_secretory_candidates,median_ig_fraction,n_classified_secretory,proportion_of_candidates,proportion_of_classified,proportion,classification_coverage,logit_candidate_fraction
GSE235711,CRSsNP_1,CRSsNP,Ethmoid,Ambiguous_secretory,267,4225,1.8737469317393992e-05,4225,0.0631952662721893,0.0631952662721893,0.0631952662721893,1.0,-2.6945008782754276
GSE235711,CRSsNP_1,CRSsNP,Ethmoid,Goblet,57,4225,0.0,4225,0.013491124260355,0.013491124260355,0.013491124260355,1.0,-4.283526590047363
GSE235711,CRSsNP_1,CRSsNP,Ethmoid,Inflammatory_secretory,49,4225,0.0,4225,0.0115976331360946,0.0115976331360946,0.0115976331360946,1.0,-4.435256184621316
GSE235711,CRSsNP_1,CRSsNP,Ethmoid,Mucous_glandular,31,4225,4.283755997258397e-05,4225,0.0073372781065088,0.0073372781065088,0.0073372781065088,1.0,-4.891541876454762
GSE235711,CRSsNP_1,CRSsNP,Ethmoid,Serous_glandular,2785,4225,3.137058066944819e-05,4225,0.659171597633136,0.659171597633136,0.659171597633136,1.0,0.6594371149362868
GSE235711,CRSsNP_1,CRSsNP,Ethmoid,Surface_club,310,4225,3.436136380225185e-05,4225,0.0733727810650887,0.0733727810650887,0.0733727810650887,1.0,-2.534514412817459
GSE235711,CRSsNP_1,CRSsNP,Ethmoid,Transitional_secretory,726,4225,0.0,4225,0.1718343195266272,0.1718343195266272,0.1718343195266272,1.0,-1.5721368971192566
GSE235711,CRSsNP_2,CRSsNP,Ethmoid,Ambiguous_secretory,46,911,0.0,911,0.0504939626783754,0.0504939626783754,0.0504939626783754,1.0,-2.9238550620229535
GSE235711,CRSsNP_2,CRSsNP,Ethmoid,Goblet,9,911,0.0,911,0.0098792535675082,0.0098792535675082,0.0098792535675082,1.0,-4.553876891600541
GSE235711,CRSsNP_2,CRSsNP,Ethmoid,Inflammatory_secretory,7,911,0.0,911,0.0076838638858397,0.0076838638858397,0.0076838638858397,1.0,-4.792479284293085
GSE235711,CRSsNP_2,CRSsNP,Ethmoid,Mucous_glandular,6,911,0.000234962406015,911,0.0065861690450054,0.0065861690450054,0.0065861690450054,1.0,-4.936685100421877
GSE235711,CRSsNP_2,CRSsNP,Ethmoid,Serous_glandular,596,911,0.0,911,0.6542261251372119,0.6542261251372119,0.6542261251372119,1.0,0.6369205595567032
GSE235711,CRSsNP_2,CRSsNP,Ethmoid,Surface_club,75,911,0.0,911,0.0823271130625686,0.0823271130625686,0.0823271130625686,1.0,-2.4050938641718997
GSE235711,CRSsNP_2,CRSsNP,Ethmoid,Transitional_secretory,172,911,0.0,911,0.1888035126234906,0.1888035126234906,0.1888035126234906,1.0,-1.45557704567944
GSE235711,CRSsNP_3,CRSsNP,Ethmoid,Ambiguous_secretory,58,1129,0.0004213631517413,1129,0.0513728963684676,0.0513728963684676,0.0513728963684676,1.0,-2.907788060675821
GSE235711,CRSsNP_3,CRSsNP,Ethmoid,Goblet,9,1129,0.0004712535344015,1129,0.007971656333038,0.007971656333038,0.007971656333038,1.0,-4.770238494634486
GSE235711,CRSsNP_3,CRSsNP,Ethmoid,Inflammatory_secretory,5,1129,0.0,1129,0.0044286979627989,0.0044286979627989,0.0044286979627989,1.0,-5.320345679160945
GSE235711,CRSsNP_3,CRSsNP,Ethmoid,Mucous_glandular,7,1129,0.0001256965684836,1129,0.0062001771479185,0.0062001771479185,0.0062001771479185,1.0,-5.0084105990741445
GSE235711,CRSsNP_3,CRSsNP,Ethmoid,Serous_glandular,875,1129,0.0001419446415897,1129,0.775022143489814,0.775022143489814,0.775022143489814,1.0,1.2354943157353289
GSE235711,CRSsNP_3,CRSsNP,Ethmoid,Surface_club,3,1129,0.0014164305949008,1129,0.0026572187776793,0.0026572187776793,0.0026572187776793,1.0,-5.774107791376931
GSE235711,CRSsNP_3,CRSsNP,Ethmoid,Transitional_secretory,172,1129,0.0001668581204053,1129,0.1523472099202834,0.1523472099202834,0.1523472099202834,1.0,-1.7139284845833866
GSE235711,CRSsNP_4,CRSsNP,Ethmoid,Ambiguous_secretory,105,2455,6.481861590648834e-05,2455,0.0427698574338085,0.0427698574338085,0.0427698574338085,1.0,-3.1036723975480642
GSE235711,CRSsNP_4,CRSsNP,Ethmoid,Goblet,19,2455,4.803766152663688e-05,2455,0.0077393075356415,0.0077393075356415,0.0077393075356415,1.0,-4.82790339671386
GSE235711,CRSsNP_4,CRSsNP,Ethmoid,Inflammatory_secretory,28,2455,6.304525664177477e-05,2455,0.0114052953156822,0.0114052953156822,0.0114052953156822,1.0,-4.4447131128908755
GSE235711,CRSsNP_4,CRSsNP,Ethmoid,Mucous_glandular,2,2455,0.0,2455,0.0008146639511201,0.0008146639511201,0.0008146639511201,1.0,-6.888980123655803
GSE235711,CRSsNP_4,CRSsNP,Ethmoid,Serous_glandular,1945,2455,6.946856547412296e-05,2455,0.7922606924643585,0.7922606924643585,0.7922606924643585,1.0,1.337883654819888
GSE235711,CRSsNP_4,CRSsNP,Ethmoid,Surface_club,3,2455,5.869577977343429e-05,2455,0.0012219959266802,0.0012219959266802,0.0012219959266802,1.0,-6.5521002229441505
GSE235711,CRSsNP_4,CRSsNP,Ethmoid,Transitional_secretory,353,2455,5.791729410401946e-05,2455,0.1437881873727087,0.1437881873727087,0.1437881873727087,1.0,-1.7829989065104757
GSE235711,CRSsNP_5,CRSsNP,Ethmoid,Ambiguous_secretory,1,66,0.0,65,0.0151515151515151,0.0153846153846153,0.0153846153846153,0.9848484848484849,-3.776585034533042
GSE235711,CRSsNP_5,CRSsNP,Ethmoid,Goblet,0,66,,65,0.0,0.0,0.0,0.9848484848484849,-4.890349128221754
GSE235711,CRSsNP_5,CRSsNP,Ethmoid,Inflammatory_secretory,1,66,0.0,65,0.0151515151515151,0.0153846153846153,0.0153846153846153,0.9848484848484849,-3.776585034533042
GSE235711,CRSsNP_5,CRSsNP,Ethmoid,Mucous_glandular,3,66,0.0,65,0.0454545454545454,0.0461538461538461,0.0461538461538461,0.9848484848484849,-2.898276937403278
GSE235711,CRSsNP_5,CRSsNP,Ethmoid,Serous_glandular,53,66,1.2034563265699088e-05,65,0.803030303030303,0.8153846153846154,0.8153846153846154,0.9848484848484849,1.3769919684575769
GSE235711,CRSsNP_5,CRSsNP,Ethmoid,Surface_club,0,66,,65,0.0,0.0,0.0,0.9848484848484849,-4.890349128221754
GSE235711,CRSsNP_5,CRSsNP,Ethmoid,Transitional_secretory,7,66,0.0,65,0.106060606060606,0.1076923076923077,0.1076923076923077,0.9848484848484849,-2.0710732920093196
GSE235711,CRSwNP_1,CRSwNP,Ethmoid,Ambiguous_secretory,2,128,0.0,128,0.015625,0.015625,0.015625,1.0,-3.92395157629342
GSE235711,CRSwNP_1,CRSwNP,Ethmoid,Goblet,0,128,,128,0.0,0.0,0.0,1.0,-5.54907608489522
GSE235711,CRSwNP_1,CRSwNP,Ethmoid,Inflammatory_secretory,4,128,0.0,128,0.03125,0.03125,0.03125,1.0,-3.3202283191284883
GSE235711,CRSwNP_1,CRSwNP,Ethmoid,Mucous_glandular,2,128,0.1330978635423845,128,0.015625,0.015625,0.015625,1.0,-3.92395157629342
GSE235711,CRSwNP_1,CRSwNP,Ethmoid,Serous_glandular,105,128,0.0,128,0.8203125,0.8203125,0.8203125,1.0,1.501710531766008
GSE235711,CRSwNP_1,CRSwNP,Ethmoid,Surface_club,0,128,,128,0.0,0.0,0.0,1.0,-5.54907608489522
GSE235711,CRSwNP_1,CRSwNP,Ethmoid,Transitional_secretory,15,128,0.0,128,0.1171875,0.1171875,0.1171875,1.0,-1.9909628129962564
GSE235711,CRSwNP_1,CRSwNP,Nasal_polyp,Ambiguous_secretory,57,1113,0.0,1113,0.0512129380053908,0.0512129380053908,0.0512129380053908,1.0,-2.9109318892528067
GSE235711,CRSwNP_1,CRSwNP,Nasal_polyp,Goblet,21,1113,2.3430178069353328e-05,1113,0.0188679245283018,0.0188679245283018,0.0188679245283018,1.0,-3.928170991836128
GSE235711,CRSwNP_1,CRSwNP,Nasal_polyp,Inflammatory_secretory,604,1113,0.0,1113,0.5426774483378257,0.5426774483378257,0.5426774483378257,1.0,0.17097181739206793
GSE235711,CRSwNP_1,CRSwNP,Nasal_polyp,Mucous_glandular,2,1113,0.0,1113,0.0017969451931716,0.0017969451931716,0.0017969451931716,1.0,-6.097175001530096
GSE235711,CRSwNP_1,CRSwNP,Nasal_polyp,Serous_glandular,216,1113,0.0,1113,0.1940700808625337,0.1940700808625337,0.1940700808625337,1.0,-1.4220225729198892
GSE235711,CRSwNP_1,CRSwNP,Nasal_polyp,Surface_club,1,1113,0.014805675508945,1113,0.0008984725965858,0.0008984725965858,0.0008984725965858,1.0,-6.608899905932231
GSE235711,CRSwNP_1,CRSwNP,Nasal_polyp,Transitional_secretory,212,1113,0.0,1113,0.1904761904761904,0.1904761904761904,0.1904761904761904,1.0,-1.4451180542789002
GSE235711,CRSwNP_2,CRSwNP,Ethmoid,Ambiguous_secretory,3,124,0.0,124,0.0241935483870967,0.0241935483870967,0.0241935483870967,1.0,-3.5471512942852352
GSE235711,CRSwNP_2,CRSwNP,Ethmoid,Goblet,1,124,0.0,124,0.0080645161290322,0.0080645161290322,0.0080645161290322,1.0,-4.410776047959867
GSE235711,CRSwNP_2,CRSwNP,Ethmoid,Inflammatory_secretory,26,124,3.4390716615749835e-05,124,0.2096774193548387,0.2096774193548387,0.2096774193548387,1.0,-1.3129118151858667
GSE235711,CRSwNP_2,CRSwNP,Ethmoid,Mucous_glandular,1,124,0.0,124,0.0080645161290322,0.0080645161290322,0.0080645161290322,1.0,-4.410776047959867
GSE235711,CRSwNP_2,CRSwNP,Ethmoid,Serous_glandular,68,124,0.0,124,0.5483870967741935,0.5483870967741935,0.5483870967741935,1.0,0.19259310711578453
GSE235711,CRSwNP_2,CRSwNP,Ethmoid,Surface_club,0,124,,124,0.0,0.0,0.0,1.0,-5.517452896464707
GSE235711,CRSwNP_2,CRSwNP,Ethmoid,Transitional_secretory,25,124,0.0,124,0.2016129032258064,0.2016129032258064,0.2016129032258064,1.0,-1.3614791920001668
GSE235711,CRSwNP_2,CRSwNP,Nasal_polyp,Ambiguous_secretory,20,459,6.800012220834473e-05,459,0.0435729847494553,0.0435729847494553,0.0435729847494553,1.0,-3.0652128309808693
GSE235711,CRSwNP_2,CRSwNP,Nasal_polyp,Goblet,2,459,0.0006556036556036,459,0.0043572984749455,0.0043572984749455,0.0043572984749455,1.0,-5.209486152841421
GSE235711,CRSwNP_2,CRSwNP,Nasal_polyp,Inflammatory_secretory,5,459,0.0002264492753623,459,0.0108932461873638,0.0108932461873638,0.0108932461873638,1.0,-4.414449821379108
GSE235711,CRSwNP_2,CRSwNP,Nasal_polyp,Mucous_glandular,1,459,6.222000995520159e-05,459,0.0021786492374727,0.0021786492374727,0.0021786492374727,1.0,-5.7224951835883555
GSE235711,CRSwNP_2,CRSwNP,Nasal_polyp,Serous_glandular,378,459,0.000110769602264,459,0.8235294117647058,0.8235294117647058,0.8235294117647058,1.0,1.5356130526306864
GSE235711,CRSwNP_2,CRSwNP,Nasal_polyp,Surface_club,1,459,0.0005819028222286,459,0.0021786492374727,0.0021786492374727,0.0021786492374727,1.0,-5.7224951835883555
GSE235711,CRSwNP_2,CRSwNP,Nasal_polyp,Transitional_secretory,52,459,9.85522849263128e-05,459,0.1132897603485838,0.1132897603485838,0.1132897603485838,1.0,-2.0492277630833393
GSE235711,CRSwNP_3,CRSwNP,Ethmoid,Ambiguous_secretory,61,934,0.0,934,0.0653104925053533,0.0653104925053533,0.0653104925053533,1.0,-2.653470954761639
GSE235711,CRSwNP_3,CRSwNP,Ethmoid,Goblet,2,934,0.0,934,0.0021413276231263,0.0021413276231263,0.0021413276231263,1.0,-5.921578419643816
GSE235711,CRSwNP_3,CRSwNP,Ethmoid,Inflammatory_secretory,178,934,0.0,934,0.1905781584582441,0.1905781584582441,0.1905781584582441,1.0,-1.4441139320087168
GSE235711,CRSwNP_3,CRSwNP,Ethmoid,Mucous_glandular,10,934,0.0,934,0.0107066381156316,0.0107066381156316,0.0107066381156316,1.0,-4.477877793663701
GSE235711,CRSwNP_3,CRSwNP,Ethmoid,Serous_glandular,490,934,0.0,934,0.5246252676659529,0.5246252676659529,0.5246252676659529,1.0,0.09847522405145873
GSE235711,CRSwNP_3,CRSwNP,Ethmoid,Surface_club,4,934,0.0,934,0.0042826552462526,0.0042826552462526,0.0042826552462526,1.0,-5.331644679306032
GSE235711,CRSwNP_3,CRSwNP,Ethmoid,Transitional_secretory,189,934,0.0,934,0.2023554603854389,0.2023554603854389,0.2023554603854389,1.0,-1.3696661096823122
GSE235711,CRSwNP_3,CRSwNP,Nasal_polyp,Ambiguous_secretory,153,3671,0.0,3671,0.041678016889131,0.041678016889131,0.041678016889131,1.0,-3.132089474379352
GSE235711,CRSwNP_3,CRSwNP,Nasal_polyp,Goblet,8,3671,0.0,3671,0.0021792427131571,0.0021792427131571,0.0021792427131571,1.0,-6.066108090103747
GSE235711,CRSwNP_3,CRSwNP,Nasal_polyp,Inflammatory_secretory,409,3671,0.0,3671,0.1114137837101607,0.1114137837101607,0.1114137837101607,1.0,-2.0753121483378245
GSE235711,CRSwNP_3,CRSwNP,Nasal_polyp,Mucous_glandular,5,3671,0.0,3671,0.0013620266957232,0.0013620266957232,0.0013620266957232,1.0,-6.502244715295429
GSE235711,CRSwNP_3,CRSwNP,Nasal_polyp,Serous_glandular,2327,3671,0.0,3671,0.6338872241895941,0.6338872241895941,0.6338872241895941,1.0,0.5487725334423029
GSE235711,CRSwNP_3,CRSwNP,Nasal_polyp,Surface_club,2,3671,0.0004277159965782,3671,0.0005448106782892,0.0005448106782892,0.0005448106782892,1.0,-7.291519960110962
GSE235711,CRSwNP_3,CRSwNP,Nasal_polyp,Transitional_secretory,767,3671,0.0,3671,0.2089348951239444,0.2089348951239444,0.2089348951239444,1.0,-1.330878057971235
GSE235711,CRSwNP_4,CRSwNP,Nasal_polyp,Ambiguous_secretory,38,611,0.0003266199174568,611,0.0621931260229132,0.0621931260229132,0.0621931260229132,1.0,-2.701099695275687
GSE235711,CRSwNP_4,CRSwNP,Nasal_polyp,Goblet,4,611,0.0013859160022629,611,0.0065466448445171,0.0065466448445171,0.0065466448445171,1.0,-4.90527477843843
GSE235711,CRSwNP_4,CRSwNP,Nasal_polyp,Inflammatory_secretory,20,611,0.0004087118718455,611,0.0327332242225859,0.0327332242225859,0.0327332242225859,1.0,-3.362236797274079
GSE235711,CRSwNP_4,CRSwNP,Nasal_polyp,Mucous_glandular,6,611,0.0003479471120389,611,0.0098199672667757,0.0098199672667757,0.0098199672667757,1.0,-4.534252386091556
GSE235711,CRSwNP_4,CRSwNP,Nasal_polyp,Serous_glandular,427,611,0.0001380770469922,611,0.6988543371522095,0.6988543371522095,0.6988543371522095,1.0,0.8403048248962328
GSE235711,CRSwNP_4,CRSwNP,Nasal_polyp,Surface_club,1,611,0.0,611,0.0016366612111292,0.0016366612111292,0.0016366612111292,1.0,-6.008813185442595
GSE235711,CRSwNP_4,CRSwNP,Nasal_polyp,Transitional_secretory,115,611,0.000157331655129,611,0.188216039279869,0.188216039279869,0.188216039279869,1.0,-1.458312953523379
GSE235711,CRSwNP_5,CRSwNP,Nasal_polyp,Ambiguous_secretory,78,1330,0.0001472693655149,1330,0.0586466165413533,0.0586466165413533,0.0586466165413533,1.0,-2.769798208170657
GSE235711,CRSwNP_5,CRSwNP,Nasal_polyp,Goblet,37,1330,0.0001097574360662,1330,0.0278195488721804,0.0278195488721804,0.0278195488721804,1.0,-3.540766068649719
GSE235711,CRSwNP_5,CRSwNP,Nasal_polyp,Inflammatory_secretory,759,1330,0.0001202645820805,1330,0.5706766917293233,0.5706766917293233,0.5706766917293233,1.0,0.28439583880096203
GSE235711,CRSwNP_5,CRSwNP,Nasal_polyp,Mucous_glandular,0,1330,,1330,0.0,0.0,0.0,1.0,-7.886457270977689
GSE235711,CRSwNP_5,CRSwNP,Nasal_polyp,Serous_glandular,339,1330,0.0001174260216063,1330,0.2548872180451128,0.2548872180451128,0.2548872180451128,1.0,-1.0717450009610998
GSE235711,CRSwNP_5,CRSwNP,Nasal_polyp,Surface_club,2,1330,0.0006615542667392,1330,0.0015037593984962,0.0015037593984962,0.0015037593984962,1.0,-6.275515033325713
GSE235711,CRSwNP_5,CRSwNP,Nasal_polyp,Transitional_secretory,115,1330,0.0001734605377276,1330,0.0864661654135338,0.0864661654135338,0.0864661654135338,1.0,-2.35364026379433
GSE235711,CRSwNP_6,CRSwNP,Ethmoid,Ambiguous_secretory,12,202,0.0,202,0.0594059405940594,0.0594059405940594,0.0594059405940594,1.0,-2.7239235502585
GSE235711,CRSwNP_6,CRSwNP,Ethmoid,Goblet,0,202,,202,0.0,0.0,0.0,1.0,-6.003887067106539
GSE235711,CRSwNP_6,CRSwNP,Ethmoid,Inflammatory_secretory,23,202,0.0,202,0.1138613861386138,0.1138613861386138,0.1138613861386138,1.0,-2.03317478677822
GSE235711,CRSwNP_6,CRSwNP,Ethmoid,Mucous_glandular,5,202,3.279279870140517e-05,202,0.0247524752475247,0.0247524752475247,0.0247524752475247,1.0,-3.5809904921027513
GSE235711,CRSwNP_6,CRSwNP,Ethmoid,Serous_glandular,129,202,0.0,202,0.6386138613861386,0.6386138613861386,0.6386138613861386,1.0,0.5663954749208017
GSE235711,CRSwNP_6,CRSwNP,Ethmoid,Surface_club,0,202,,202,0.0,0.0,0.0,1.0,-6.003887067106539
GSE235711,CRSwNP_6,CRSwNP,Ethmoid,Transitional_secretory,33,202,0.0,202,0.1633663366336633,0.1633663366336633,0.1633663366336633,1.0,-1.6213074879894842
GSE235711,CRSwNP_6,CRSwNP,Nasal_polyp,Ambiguous_secretory,21,354,0.0,354,0.059322033898305,0.059322033898305,0.059322033898305,1.0,-2.741589930222061
GSE235711,CRSwNP_6,CRSwNP,Nasal_polyp,Goblet,3,354,0.0001026167265264,354,0.0084745762711864,0.0084745762711864,0.0084745762711864,1.0,-4.609446742755352
GSE235711,CRSwNP_6,CRSwNP,Nasal_polyp,Inflammatory_secretory,211,354,2.939188196220204e-05,354,0.596045197740113,0.596045197740113,0.596045197740113,1.0,0.3878899632866568
GSE235711,CRSwNP_6,CRSwNP,Nasal_polyp,Mucous_glandular,0,354,,354,0.0,0.0,0.0,1.0,-6.5638555265321274
GSE235711,CRSwNP_6,CRSwNP,Nasal_polyp,Serous_glandular,64,354,2.354457766378381e-05,354,0.1807909604519774,0.1807909604519774,0.1807909604519774,1.0,-1.504938352490239
GSE235711,CRSwNP_6,CRSwNP,Nasal_polyp,Surface_club,2,354,0.0002540796173302,354,0.0056497175141242,0.0056497175141242,0.0056497175141242,1.0,-4.948759890378168
GSE235711,CRSwNP_6,CRSwNP,Nasal_polyp,Transitional_secretory,53,354,0.0,354,0.1497175141242938,0.1497175141242938,0.1497175141242938,1.0,-1.7290883622652793
GSE235711,HC_1,Healthy,Ethmoid,Ambiguous_secretory,137,2442,0.0,2442,0.0561015561015561,0.0561015561015561,0.0561015561015561,1.0,-2.8194289345401344
GSE235711,HC_1,Healthy,Ethmoid,Goblet,5,2442,0.0,2442,0.002047502047502,0.002047502047502,0.002047502047502,1.0,-6.093980110633577
GSE235711,HC_1,Healthy,Ethmoid,Inflammatory_secretory,32,2442,0.0,2442,0.0131040131040131,0.0131040131040131,0.0131040131040131,1.0,-4.306349384509986
GSE235711,HC_1,Healthy,Ethmoid,Mucous_glandular,7,2442,0.0,2442,0.0028665028665028,0.0028665028665028,0.0028665028665028,1.0,-5.783004332704333
GSE235711,HC_1,Healthy,Ethmoid,Serous_glandular,1847,2442,0.0,2442,0.7563472563472563,0.7563472563472563,0.7563472563472563,1.0,1.1321872640270023
GSE235711,HC_1,Healthy,Ethmoid,Surface_club,109,2442,0.0,2442,0.0446355446355446,0.0446355446355446,0.0446355446355446,1.0,-3.059200016133315
GSE235711,HC_1,Healthy,Ethmoid,Transitional_secretory,305,2442,0.0,2442,0.1248976248976249,0.1248976248976249,0.1248976248976249,1.0,-1.9454424221992654
GSE235711,HC_2,Healthy,Ethmoid,Ambiguous_secretory,52,1064,0.0,1063,0.0488721804511278,0.0489181561618062,0.0489181561618062,0.9990601503759399,-2.959364629383116
GSE235711,HC_2,Healthy,Ethmoid,Goblet,10,1064,0.0,1063,0.0093984962406015,0.0094073377234242,0.0094073377234242,0.9990601503759399,-4.609446742755352
GSE235711,HC_2,Healthy,Ethmoid,Inflammatory_secretory,8,1064,0.0,1063,0.0075187969924812,0.0075258701787394,0.0075258701787394,0.9990601503759399,-4.82265067355984
GSE235711,HC_2,Healthy,Ethmoid,Mucous_glandular,16,1064,6.694471036371061e-06,1063,0.0150375939849624,0.0150517403574788,0.0150517403574788,0.9990601503759399,-4.1517554694354395
GSE235711,HC_2,Healthy,Ethmoid,Serous_glandular,792,1064,0.0,1063,0.7443609022556391,0.7450611476952023,0.7450611476952023,0.9990601503759399,1.0675538916481369
GSE235711,HC_2,Healthy,Ethmoid,Surface_club,60,1064,0.0,1063,0.056390977443609,0.0564440263405456,0.0564440263405456,0.9990601503759399,-2.8096018192181935
GSE235711,HC_2,Healthy,Ethmoid,Transitional_secretory,125,1064,0.0,1063,0.1174812030075188,0.1175917215428033,0.1175917215428033,0.9990601503759399,-2.0130420602816814
GSE235711,HC_3,Healthy,Ethmoid,Ambiguous_secretory,44,1009,0.0,1009,0.043607532210109,0.043607532210109,0.043607532210109,1.0,-3.0771569126963745
GSE235711,HC_3,Healthy,Ethmoid,Goblet,4,1009,0.0003148614609571,1009,0.0039643211100099,0.0039643211100099,0.0039643211100099,1.0,-5.409162812436433
GSE235711,HC_3,Healthy,Ethmoid,Inflammatory_secretory,14,1009,5.246589716684155e-05,1009,0.0138751238850346,0.0138751238850346,0.0138751238850346,1.0,-4.229096474077722
GSE235711,HC_3,Healthy,Ethmoid,Mucous_glandular,13,1009,0.0,1009,0.0128840436075322,0.0128840436075322,0.0128840436075322,1.0,-4.301559454208466
GSE235711,HC_3,Healthy,Ethmoid,Serous_glandular,680,1009,0.0,1009,0.6739345887016849,0.6739345887016849,0.6739345887016849,1.0,0.7252514681489591
GSE235711,HC_3,Healthy,Ethmoid,Surface_club,17,1009,0.0,1009,0.0168483647175421,0.0168483647175421,0.0168483647175421,1.0,-4.038026131631877
GSE235711,HC_3,Healthy,Ethmoid,Transitional_secretory,237,1009,0.0,1009,0.2348860257680872,0.2348860257680872,0.2348860257680872,1.0,-1.1794643852972049
GSE235711,HC_4,Healthy,Ethmoid,Ambiguous_secretory,29,1022,0.0001354401805869,1021,0.0283757338551859,0.0284035259549461,0.0284035259549461,0.9990215264187867,-3.5168437986460974
GSE235711,HC_4,Healthy,Ethmoid,Goblet,4,1022,0.0001482799525504,1021,0.0039138943248532,0.0039177277179236,0.0039177277179236,0.9990215264187867,-5.422008838890586
GSE235711,HC_4,Healthy,Ethmoid,Inflammatory_secretory,3,1022,0.0,1021,0.0029354207436399,0.0029382957884427,0.0029382957884427,0.9990215264187867,-5.674304621519142
GSE235711,HC_4,Healthy,Ethmoid,Mucous_glandular,38,1022,8.645154656226846e-05,1021,0.0371819960861056,0.0372184133202742,0.0372184133202742,0.9990215264187867,-3.2414756567854415
GSE235711,HC_4,Healthy,Ethmoid,Serous_glandular,816,1022,7.312213343873037e-05,1021,0.7984344422700587,0.7992164544564153,0.7992164544564153,0.9990215264187867,1.374726500009432
GSE235711,HC_4,Healthy,Ethmoid,Surface_club,46,1022,0.0,1021,0.0450097847358121,0.0450538687561214,0.0450538687561214,0.9990215264187867,-3.044522437723423
GSE235711,HC_4,Healthy,Ethmoid,Transitional_secretory,85,1022,0.0,1021,0.0831702544031311,0.0832517140058766,0.0832517140058766,0.9990215264187867,-2.3947003819018513
GSE235711,HC_5,Healthy,Ethmoid,Ambiguous_secretory,9,319,0.0,319,0.0282131661442006,0.0282131661442006,0.0282131661442006,1.0,-3.4868921027670385
GSE235711,HC_5,Healthy,Ethmoid,Goblet,3,319,0.0,319,0.0094043887147335,0.0094043887147335,0.0094043887147335,1.0,-4.504560273088863
GSE235711,HC_5,Healthy,Ethmoid,Inflammatory_secretory,0,319,,319,0.0,0.0,0.0,1.0,-6.459904454377535
GSE235711,HC_5,Healthy,Ethmoid,Mucous_glandular,8,319,0.0,319,0.0250783699059561,0.0250783699059561,0.0250783699059561,1.0,-3.601333174731237
GSE235711,HC_5,Healthy,Ethmoid,Serous_glandular,242,319,0.0,319,0.7586206896551724,0.7586206896551724,0.7586206896551724,1.0,1.1407237740182365
GSE235711,HC_5,Healthy,Ethmoid,Surface_club,25,319,0.0,319,0.0783699059561128,0.0783699059561128,0.0783699059561128,1.0,-2.446600550927261
GSE235711,HC_5,Healthy,Ethmoid,Transitional_secretory,32,319,0.0,319,0.1003134796238244,0.1003134796238244,0.1003134796238244,1.0,-2.1799827709017134
GSE261706,AR1,AR,Inferior_turbinate,Ambiguous_secretory,436,8789,0.0,8789,0.0496074638752986,0.0496074638752986,0.0496074638752986,1.0,-2.951647516418176
GSE261706,AR1,AR,Inferior_turbinate,Goblet,76,8789,0.0,8789,0.0086471726021162,0.0086471726021162,0.0086471726021162,1.0,-4.735338085268206
GSE261706,AR1,AR,Inferior_turbinate,Inflammatory_secretory,85,8789,0.0,8789,0.0096711798839458,0.0096711798839458,0.0096711798839458,1.0,-4.623079036356058
GSE261706,AR1,AR,Inferior_turbinate,Mucous_glandular,212,8789,0.0,8789,0.0241210604164296,0.0241210604164296,0.0241210604164296,1.0,-3.697955786368133
GSE261706,AR1,AR,Inferior_turbinate,Serous_glandular,3954,8789,0.0,8789,0.4498805324837865,0.4498805324837865,0.4498805324837865,1.0,-0.2011303651975459
GSE261706,AR1,AR,Inferior_turbinate,Surface_club,24,8789,0.0,8789,0.0027306860848788,0.0027306860848788,0.0027306860848788,1.0,-5.8799057232432475
GSE261706,AR1,AR,Inferior_turbinate,Transitional_secretory,4002,8789,0.0,8789,0.4553419046535442,0.4553419046535442,0.4553419046535442,1.0,-0.17908918861803158
GSE261706,AR2,AR,Inferior_turbinate,Ambiguous_secretory,321,5407,0.0,5407,0.0593674865914555,0.0593674865914555,0.0593674865914555,1.0,-2.761347706556129
GSE261706,AR2,AR,Inferior_turbinate,Goblet,142,5407,0.0,5407,0.0262622526354725,0.0262622526354725,0.0262622526354725,1.0,-3.6095893871119467
GSE261706,AR2,AR,Inferior_turbinate,Inflammatory_secretory,1917,5407,0.0,5407,0.3545404105788792,0.3545404105788792,0.3545404105788792,1.0,-0.5990227381690447
GSE261706,AR2,AR,Inferior_turbinate,Mucous_glandular,49,5407,0.0,5407,0.0090623266136489,0.0090623266136489,0.0090623266136489,1.0,-4.684466694578407
GSE261706,AR2,AR,Inferior_turbinate,Serous_glandular,1272,5407,0.0,5407,0.2352506010726835,0.2352506010726835,0.2352506010726835,1.0,-1.1786247707072832
GSE261706,AR2,AR,Inferior_turbinate,Surface_club,7,5407,0.0,5407,0.0012946180876641,0.0012946180876641,0.0012946180876641,1.0,-6.5793438003162645
GSE261706,AR2,AR,Inferior_turbinate,Transitional_secretory,1699,5407,0.0,5407,0.314222304420196,0.314222304420196,0.314222304420196,1.0,-0.7802933920404419
GSE261706,CON1,Healthy,Inferior_turbinate,Ambiguous_secretory,96,3038,0.0,3038,0.031599736668861,0.031599736668861,0.031599736668861,1.0,-3.417471830789492
GSE261706,CON1,Healthy,Inferior_turbinate,Goblet,17,3038,0.0,3038,0.0055957867017774,0.0055957867017774,0.0055957867017774,1.0,-5.151307794872145
GSE261706,CON1,Healthy,Inferior_turbinate,Inflammatory_secretory,15,3038,0.0,3038,0.0049374588545095,0.0049374588545095,0.0049374588545095,1.0,-5.273330355788066
GSE261706,CON1,Healthy,Inferior_turbinate,Mucous_glandular,13,3038,0.0,3038,0.0042791310072416,0.0042791310072416,0.0042791310072416,1.0,-5.412141960617992
GSE261706,CON1,Healthy,Inferior_turbinate,Serous_glandular,677,3038,0.0,3038,0.2228439763001975,0.2228439763001975,0.2228439763001975,1.0,-1.2486427365823158
GSE261706,CON1,Healthy,Inferior_turbinate,Surface_club,28,3038,0.0,3038,0.0092165898617511,0.0092165898617511,0.0092165898617511,1.0,-4.659957369629898
GSE261706,CON1,Healthy,Inferior_turbinate,Transitional_secretory,2192,3038,0.0,3038,0.7215273206056616,0.7215273206056616,0.7215273206056616,1.0,0.9516875226731478
GSE261706,CON2,Healthy,Inferior_turbinate,Ambiguous_secretory,625,9362,0.0,9362,0.0667592394787438,0.0667592394787438,0.0667592394787438,1.0,-2.6368280566350997
GSE261706,CON2,Healthy,Inferior_turbinate,Goblet,81,9362,0.0,9362,0.0086519974364452,0.0086519974364452,0.0086519974364452,1.0,-4.735175430402461
GSE261706,CON2,Healthy,Inferior_turbinate,Inflammatory_secretory,83,9362,0.0,9362,0.0088656270027771,0.0088656270027771,0.0088656270027771,1.0,-4.71071631316155
GSE261706,CON2,Healthy,Inferior_turbinate,Mucous_glandular,67,9362,0.0,9362,0.0071565904721213,0.0071565904721213,0.0071565904721213,1.0,-4.925158093191787
GSE261706,CON2,Healthy,Inferior_turbinate,Serous_glandular,1850,9362,0.0,9362,0.1976073488570818,0.1976073488570818,0.1976073488570818,1.0,-1.4011124270172524
GSE261706,CON2,Healthy,Inferior_turbinate,Surface_club,744,9362,0.0,9362,0.0794701986754966,0.0794701986754966,0.0794701986754966,1.0,-2.4489534824703822
GSE261706,CON2,Healthy,Inferior_turbinate,Transitional_secretory,5912,9362,0.0,9362,0.6314889980773339,0.6314889980773339,0.6314889980773339,1.0,0.5385496057395318
GSE276503,CRSIT12,CRSwNP,Inferior_turbinate,Ambiguous_secretory,161,3402,0.0,3402,0.0473251028806584,0.0473251028806584,0.0473251028806584,1.0,-2.999286321952339
GSE276503,CRSIT12,CRSwNP,Inferior_turbinate,Goblet,17,3402,0.0,3402,0.0049970605526161,0.0049970605526161,0.0049970605526161,1.0,-5.265056003996231
GSE276503,CRSIT12,CRSwNP,Inferior_turbinate,Inflammatory_secretory,29,3402,0.0,3402,0.0085243974132863,0.0085243974132863,0.0085243974132863,1.0,-4.739315796721706
GSE276503,CRSIT12,CRSwNP,Inferior_turbinate,Mucous_glandular,134,3402,0.0,3402,0.0393885949441505,0.0393885949441505,0.0393885949441505,1.0,-3.1905222440108902
GSE276503,CRSIT12,CRSwNP,Inferior_turbinate,Serous_glandular,1298,3402,0.0,3402,0.3815402704291593,0.3815402704291593,0.3815402704291593,1.0,-0.48286815710782216
GSE276503,CRSIT12,CRSwNP,Inferior_turbinate,Surface_club,12,3402,0.0,3402,0.0035273368606701,0.0035273368606701,0.0035273368606701,1.0,-5.603004037815642
GSE276503,CRSIT12,CRSwNP,Inferior_turbinate,Transitional_secretory,1751,3402,0.0,3402,0.5146972369194591,0.5146972369194591,0.5146972369194591,1.0,0.05878859780669708
GSE276503,CRSIT13,CRSwNP,Inferior_turbinate,Ambiguous_secretory,135,3705,0.0,3705,0.0364372469635627,0.0364372469635627,0.0364372469635627,1.0,-3.271489280669409
GSE276503,CRSIT13,CRSwNP,Inferior_turbinate,Goblet,14,3705,0.0,3705,0.0037786774628879,0.0037786774628879,0.0037786774628879,1.0,-5.539639509072692
GSE276503,CRSIT13,CRSwNP,Inferior_turbinate,Inflammatory_secretory,25,3705,0.0,3705,0.0067476383265856,0.0067476383265856,0.0067476383265856,1.0,-4.97212543933438
GSE276503,CRSIT13,CRSwNP,Inferior_turbinate,Mucous_glandular,71,3705,0.0,3705,0.0191632928475033,0.0191632928475033,0.0191632928475033,1.0,-3.9285293792247282
GSE276503,CRSIT13,CRSwNP,Inferior_turbinate,Serous_glandular,1087,3705,0.0,3705,0.293387314439946,0.293387314439946,0.293387314439946,1.0,-0.8787201507567032
GSE276503,CRSIT13,CRSwNP,Inferior_turbinate,Surface_club,3,3705,0.0,3705,0.0008097165991902,0.0008097165991902,0.0008097165991902,1.0,-6.964000577646586
GSE276503,CRSIT13,CRSwNP,Inferior_turbinate,Transitional_secretory,2370,3705,0.0,3705,0.6396761133603239,0.6396761133603239,0.6396761133603239,1.0,0.5737951497921573
GSE276503,CRSIT16,CRSwNP,Inferior_turbinate,Ambiguous_secretory,23,1473,0.0,1473,0.0156143923964697,0.0156143923964697,0.0156143923964697,1.0,-4.122663182411345
GSE276503,CRSIT16,CRSwNP,Inferior_turbinate,Goblet,3,1473,0.0,1473,0.0020366598778004,0.0020366598778004,0.0020366598778004,1.0,-6.040594789498682
GSE276503,CRSIT16,CRSwNP,Inferior_turbinate,Inflammatory_secretory,24,1473,0.0,1473,0.0162932790224032,0.0162932790224032,0.0162932790224032,1.0,-4.080300830811029
GSE276503,CRSIT16,CRSwNP,Inferior_turbinate,Mucous_glandular,76,1473,0.0,1473,0.0515953835709436,0.0515953835709436,0.0515953835709436,1.0,-2.905149464196764
GSE276503,CRSIT16,CRSwNP,Inferior_turbinate,Serous_glandular,1114,1473,0.0,1473,0.7562797012898846,0.7562797012898846,0.7562797012898846,1.0,1.1314469756648224
GSE276503,CRSIT16,CRSwNP,Inferior_turbinate,Surface_club,0,1473,,1473,0.0,0.0,0.0,1.0,-7.988542982737695
GSE276503,CRSIT16,CRSwNP,Inferior_turbinate,Transitional_secretory,233,1473,0.0,1473,0.1581805838424983,0.1581805838424983,0.1581805838424983,1.0,-1.6700877260229037
GSE276503,CRSIT17,CRSwNP,Inferior_turbinate,Ambiguous_secretory,51,2126,0.0,2126,0.0239887111947318,0.0239887111947318,0.0239887111947318,1.0,-3.696375559823403
GSE276503,CRSIT17,CRSwNP,Inferior_turbinate,Goblet,4,2126,0.0,2126,0.0018814675446848,0.0018814675446848,0.0018814675446848,1.0,-6.156272521409228
GSE276503,CRSIT17,CRSwNP,Inferior_turbinate,Inflammatory_secretory,1,2126,0.0002232142857142,2126,0.0004703668861712,0.0004703668861712,0.0004703668861712,1.0,-7.256297239690681
GSE276503,CRSIT17,CRSwNP,Inferior_turbinate,Mucous_glandular,210,2126,0.0,2126,0.0987770460959548,0.0987770460959548,0.0987770460959548,1.0,-2.208770231698174
GSE276503,CRSIT17,CRSwNP,Inferior_turbinate,Serous_glandular,1710,2126,0.0,2126,0.8043273753527752,0.8043273753527752,0.8043273753527752,1.0,1.4126545428107617
GSE276503,CRSIT17,CRSwNP,Inferior_turbinate,Surface_club,0,2126,,2126,0.0,0.0,0.0,1.0,-8.355379895253634
GSE276503,CRSIT17,CRSwNP,Inferior_turbinate,Transitional_secretory,150,2126,0.0,2126,0.070555032925682,0.070555032925682,0.070555032925682,1.0,-2.57511979854781
GSE276503,CRSIT18,CRSwNP,Inferior_turbinate,Ambiguous_secretory,48,1848,0.0,1848,0.0259740259740259,0.0259740259740259,0.0259740259740259,1.0,-3.6142558851454925
GSE276503,CRSIT18,CRSwNP,Inferior_turbinate,Goblet,2,1848,0.0,1848,0.001082251082251,0.001082251082251,0.001082251082251,1.0,-6.6047565024184625
GSE276503,CRSIT18,CRSwNP,Inferior_turbinate,Inflammatory_secretory,0,1848,,1848,0.0,0.0,0.0,1.0,-8.215276958936633
GSE276503,CRSIT18,CRSwNP,Inferior_turbinate,Mucous_glandular,184,1848,0.0,1848,0.0995670995670995,0.0995670995670995,0.0995670995670995,1.0,-2.1996305935344975
GSE276503,CRSIT18,CRSwNP,Inferior_turbinate,Serous_glandular,1490,1848,0.0,1848,0.8062770562770563,0.8062770562770563,0.8062770562770563,1.0,1.4249382530784513
GSE276503,CRSIT18,CRSwNP,Inferior_turbinate,Surface_club,1,1848,0.0,1848,0.0005411255411255,0.0005411255411255,0.0005411255411255,1.0,-7.116123544714192
GSE276503,CRSIT18,CRSwNP,Inferior_turbinate,Transitional_secretory,123,1848,0.0,1848,0.0665584415584415,0.0665584415584415,0.0665584415584415,1.0,-2.637030986470026
GSE276503,CRSIT19,CRSwNP,Inferior_turbinate,Ambiguous_secretory,48,1334,0.0,1334,0.0359820089955022,0.0359820089955022,0.0359820089955022,1.0,-3.2781168337783613
GSE276503,CRSIT19,CRSwNP,Inferior_turbinate,Goblet,2,1334,0.0001244709982574,1334,0.0014992503748125,0.0014992503748125,0.0014992503748125,1.0,-6.278521424165844
GSE276503,CRSIT19,CRSwNP,Inferior_turbinate,Inflammatory_secretory,0,1334,,1334,0.0,0.0,0.0,1.0,-7.889459149404524
GSE276503,CRSIT19,CRSwNP,Inferior_turbinate,Mucous_glandular,170,1334,0.0,1334,0.1274362818590704,0.1274362818590704,0.1274362818590704,1.0,-1.921311792600824
GSE276503,CRSIT19,CRSwNP,Inferior_turbinate,Serous_glandular,986,1334,0.0,1334,0.7391304347826086,0.7391304347826086,0.7391304347826086,1.0,1.0405250952620912
GSE276503,CRSIT19,CRSwNP,Inferior_turbinate,Surface_club,0,1334,,1334,0.0,0.0,0.0,1.0,-7.889459149404524
GSE276503,CRSIT19,CRSwNP,Inferior_turbinate,Transitional_secretory,128,1334,0.0,1334,0.095952023988006,0.095952023988006,0.095952023988006,1.0,-2.2395499807298123
GSE276503,CRSMT21,CRSwNP,Middle_turbinate,Ambiguous_secretory,52,3863,0.0,3863,0.013461040641988,0.013461040641988,0.013461040641988,1.0,-4.28496492183075
GSE276503,CRSMT21,CRSwNP,Middle_turbinate,Goblet,0,3863,,3863,0.0,0.0,0.0,1.0,-8.952475967933584
GSE276503,CRSMT21,CRSwNP,Middle_turbinate,Inflammatory_secretory,13,3863,0.0,3863,0.003365260160497,0.003365260160497,0.003365260160497,1.0,-5.653268603534921
GSE276503,CRSMT21,CRSwNP,Middle_turbinate,Mucous_glandular,236,3863,0.0,3863,0.0610924152213305,0.0610924152213305,0.0610924152213305,1.0,-2.7303507768263553
GSE276503,CRSMT21,CRSwNP,Middle_turbinate,Serous_glandular,3383,3863,0.0,3863,0.8757442402278022,0.8757442402278022,0.8757442402278022,1.0,1.9518387272619333
GSE276503,CRSMT21,CRSwNP,Middle_turbinate,Surface_club,0,3863,,3863,0.0,0.0,0.0,1.0,-8.952475967933584
GSE276503,CRSMT21,CRSwNP,Middle_turbinate,Transitional_secretory,179,3863,0.0,3863,0.046337043748382,0.046337043748382,0.046337043748382,1.0,-3.0217149022787204
GSE276503,CRSMT23,CRSwNP,Middle_turbinate,Ambiguous_secretory,17,295,0.0,295,0.0576271186440678,0.0576271186440678,0.0576271186440678,1.0,-2.7672171784378703
GSE276503,CRSMT23,CRSwNP,Middle_turbinate,Goblet,1,295,0.0,295,0.0033898305084745,0.0033898305084745,0.0033898305084745,1.0,-5.2798138949834765
GSE276503,CRSMT23,CRSwNP,Middle_turbinate,Inflammatory_secretory,25,295,0.0,295,0.0847457627118644,0.0847457627118644,0.0847457627118644,1.0,-2.361593646122156
GSE276503,CRSMT23,CRSwNP,Middle_turbinate,Mucous_glandular,5,295,0.0,295,0.0169491525423728,0.0169491525423728,0.0169491525423728,1.0,-3.9668554840535406
GSE276503,CRSMT23,CRSwNP,Middle_turbinate,Serous_glandular,192,295,0.0,295,0.6508474576271186,0.6508474576271186,0.6508474576271186,1.0,0.620524541022415
GSE276503,CRSMT23,CRSwNP,Middle_turbinate,Surface_club,1,295,0.0,295,0.0033898305084745,0.0033898305084745,0.0033898305084745,1.0,-5.2798138949834765
GSE276503,CRSMT23,CRSwNP,Middle_turbinate,Transitional_secretory,54,295,0.0,295,0.1830508474576271,0.1830508474576271,0.1830508474576271,1.0,-1.488668771423429
GSE276503,CRSMT24,CRSwNP,Middle_turbinate,Ambiguous_secretory,7,182,0.0,181,0.0384615384615384,0.0386740331491712,0.0386740331491712,0.9945054945054945,-3.152736022363656
GSE276503,CRSMT24,CRSwNP,Middle_turbinate,Goblet,1,182,0.0,181,0.0054945054945054,0.005524861878453,0.005524861878453,0.9945054945054945,-4.795790545596741
GSE276503,CRSMT24,CRSwNP,Middle_turbinate,Inflammatory_secretory,14,182,0.0,181,0.0769230769230769,0.0773480662983425,0.0773480662983425,0.9945054945054945,-2.452787100365888
GSE276503,CRSMT24,CRSwNP,Middle_turbinate,Mucous_glandular,11,182,0.0,181,0.0604395604395604,0.0607734806629834,0.0607734806629834,0.9945054945054945,-2.7022362312367902
GSE276503,CRSMT24,CRSwNP,Middle_turbinate,Serous_glandular,111,182,0.0,181,0.6098901098901099,0.6132596685082873,0.6132596685082873,0.9945054945054945,0.44432714120021155
GSE276503,CRSMT24,CRSwNP,Middle_turbinate,Surface_club,3,182,0.0,181,0.0164835164835164,0.0165745856353591,0.0165745856353591,0.9945054945054945,-3.9374122394329656
GSE276503,CRSMT24,CRSwNP,Middle_turbinate,Transitional_secretory,34,182,0.0,181,0.1868131868131868,0.1878453038674033,0.1878453038674033,0.9945054945054945,-1.4596256342054403
GSE276503,CRSMT25,CRSwNP,Middle_turbinate,Ambiguous_secretory,76,2965,0.0,2965,0.0256323777403035,0.0256323777403035,0.0256323777403035,1.0,-3.6315480149253427
GSE276503,CRSMT25,CRSwNP,Middle_turbinate,Goblet,11,2965,0.0,2965,0.0037099494097807,0.0037099494097807,0.0037099494097807,1.0,-5.5487376754165245
GSE276503,CRSMT25,CRSwNP,Middle_turbinate,Inflammatory_secretory,11,2965,0.0,2965,0.0037099494097807,0.0037099494097807,0.0037099494097807,1.0,-5.5487376754165245
GSE276503,CRSMT25,CRSwNP,Middle_turbinate,Mucous_glandular,49,2965,0.0,2965,0.0165261382799325,0.0165261382799325,0.0165261382799325,1.0,-4.076166876619047
GSE276503,CRSMT25,CRSwNP,Middle_turbinate,Serous_glandular,2557,2965,0.0,2965,0.8623946037099494,0.8623946037099494,0.8623946037099494,1.0,1.8342935835257235
GSE276503,CRSMT25,CRSwNP,Middle_turbinate,Surface_club,1,2965,0.0,2965,0.0003372681281618,0.0003372681281618,0.0003372681281618,1.0,-7.588998555039258
GSE276503,CRSMT25,CRSwNP,Middle_turbinate,Transitional_secretory,260,2965,0.0,2965,0.087689713322091,0.087689713322091,0.087689713322091,1.0,-2.3404391558893685
GSE276503,CRSMT26,CRSwNP,Middle_turbinate,Ambiguous_secretory,65,2456,0.0,2456,0.0264657980456026,0.0264657980456026,0.0264657980456026,1.0,-3.597625920479145
GSE276503,CRSMT26,CRSwNP,Middle_turbinate,Goblet,9,2456,0.0,2456,0.0036644951140065,0.0036644951140065,0.0036644951140065,1.0,-5.5515305757981706
GSE276503,CRSMT26,CRSwNP,Middle_turbinate,Inflammatory_secretory,7,2456,0.0,2456,0.0028501628664495,0.0028501628664495,0.0028501628664495,1.0,-5.788736180536365
GSE276503,CRSMT26,CRSwNP,Middle_turbinate,Mucous_glandular,51,2456,0.0,2456,0.0207654723127035,0.0207654723127035,0.0207654723127035,1.0,-3.843931253469818
GSE276503,CRSMT26,CRSwNP,Middle_turbinate,Serous_glandular,2078,2456,0.0,2456,0.8460912052117264,0.8460912052117264,0.8460912052117264,1.0,1.7031856858151884
GSE276503,CRSMT26,CRSwNP,Middle_turbinate,Surface_club,1,2456,0.0,2456,0.0004071661237785,0.0004071661237785,0.0004071661237785,1.0,-7.400620577371135
GSE276503,CRSMT26,CRSwNP,Middle_turbinate,Transitional_secretory,245,2456,0.0,2456,0.0997557003257329,0.0997557003257329,0.0997557003257329,1.0,-2.198129350073806
GSE276503,CRSMT27,CRSwNP,Middle_turbinate,Ambiguous_secretory,66,2390,0.0,2390,0.0276150627615062,0.0276150627615062,0.0276150627615062,1.0,-3.554058293468831
GSE276503,CRSMT27,CRSwNP,Middle_turbinate,Goblet,7,2390,0.0,2390,0.002928870292887,0.002928870292887,0.002928870292887,1.0,-5.761422254102616
GSE276503,CRSMT27,CRSwNP,Middle_turbinate,Inflammatory_secretory,11,2390,0.0,2390,0.004602510460251,0.004602510460251,0.004602510460251,1.0,-5.33229862519196
GSE276503,CRSMT27,CRSwNP,Middle_turbinate,Mucous_glandular,58,2390,0.0,2390,0.0242677824267782,0.0242677824267782,0.0242677824267782,1.0,-3.685669178483688
GSE276503,CRSMT27,CRSwNP,Middle_turbinate,Serous_glandular,2002,2390,0.0,2390,0.8376569037656904,0.8376569037656904,0.8376569037656904,1.0,1.6398585091348121
GSE276503,CRSMT27,CRSwNP,Middle_turbinate,Surface_club,1,2390,0.0,2390,0.000418410041841,0.000418410041841,0.000418410041841,1.0,-7.373374309910049
GSE276503,CRSMT27,CRSwNP,Middle_turbinate,Transitional_secretory,245,2390,0.0,2390,0.102510460251046,0.102510460251046,0.102510460251046,1.0,-2.1678309571970042
GSE276503,CRSNP31,CRSwNP,Nasal_polyp,Ambiguous_secretory,68,977,0.0014542833946532,976,0.0696008188331627,0.0696721311475409,0.0696721311475409,0.9989764585465711,-2.5860612526899978
GSE276503,CRSNP31,CRSwNP,Nasal_polyp,Goblet,35,977,0.0029239766081871,976,0.0358239508700102,0.0358606557377049,0.0358606557377049,0.9989764585465711,-3.2790032228407955
GSE276503,CRSNP31,CRSwNP,Nasal_polyp,Inflammatory_secretory,93,977,0.0013037155894298,976,0.0951893551688843,0.0952868852459016,0.0952868852459016,0.9989764585465711,-2.2470610773051987
GSE276503,CRSNP31,CRSwNP,Nasal_polyp,Mucous_glandular,0,977,,976,0.0,0.0,0.0,0.9989764585465711,-7.578145472419466
GSE276503,CRSNP31,CRSwNP,Nasal_polyp,Serous_glandular,546,977,0.0016903523132791,976,0.5588536335721597,0.5594262295081968,0.5594262295081968,0.9989764585465711,0.23626679709311044
GSE276503,CRSNP31,CRSwNP,Nasal_polyp,Surface_club,0,977,,976,0.0,0.0,0.0,0.9989764585465711,-7.578145472419466
GSE276503,CRSNP31,CRSwNP,Nasal_polyp,Transitional_secretory,234,977,0.0015565263079982,976,0.2395087001023541,0.2397540983606557,0.2397540983606557,0.9989764585465711,-1.1539131780138758
GSE276503,CRSNP32,CRSwNP,Nasal_polyp,Ambiguous_secretory,61,929,0.0010547678175652,928,0.0656620021528525,0.0657327586206896,0.0657327586206896,0.9989235737351991,-2.647730410868687
GSE276503,CRSNP32,CRSwNP,Nasal_polyp,Goblet,59,929,0.0011124243899047,928,0.0635091496232508,0.0635775862068965,0.0635775862068965,0.9989235737351991,-2.6830914466566598
GSE276503,CRSNP32,CRSwNP,Nasal_polyp,Inflammatory_secretory,112,929,0.0008938912003691,928,0.1205597416576964,0.1206896551724138,0.1206896551724138,0.9989235737351991,-1.9832976811269336
GSE276503,CRSNP32,CRSwNP,Nasal_polyp,Mucous_glandular,2,929,0.0007202278502312,928,0.0021528525296017,0.0021551724137931,0.0021551724137931,0.9989235737351991,-5.916202062607435
GSE276503,CRSNP32,CRSwNP,Nasal_polyp,Serous_glandular,436,929,0.001092198859229,928,0.4693218514531754,0.4698275862068966,0.4698275862068966,0.9989235737351991,-0.12273448359387937
GSE276503,CRSNP32,CRSwNP,Nasal_polyp,Surface_club,3,929,0.0004790419161676,928,0.0032292787944025,0.0032327586206896,0.0032327586206896,0.9989235737351991,-5.578651077230046
GSE276503,CRSNP32,CRSwNP,Nasal_polyp,Transitional_secretory,255,929,0.0010042401249721,928,0.2744886975242196,0.2747844827586206,0.2747844827586206,0.9989235737351991,-0.9707492660040515
GSE276503,CRSNP33,CRSwNP,Nasal_polyp,Ambiguous_secretory,92,1334,0.0003524590035928,1331,0.0689655172413793,0.0691209616829451,0.0691209616829451,0.9977511244377811,-2.597672113452404
GSE276503,CRSNP33,CRSwNP,Nasal_polyp,Goblet,9,1334,0.00037397157816,1331,0.0067466266866566,0.0067618332081141,0.0067618332081141,0.9977511244377811,-4.938253227122585
GSE276503,CRSNP33,CRSwNP,Nasal_polyp,Inflammatory_secretory,141,1334,0.000328101930333,1331,0.1056971514242878,0.1059353869271224,0.1059353869271224,0.9977511244377811,-2.1323457286955927
GSE276503,CRSNP33,CRSwNP,Nasal_polyp,Mucous_glandular,0,1334,,1331,0.0,0.0,0.0,0.9977511244377811,-7.889459149404524
GSE276503,CRSNP33,CRSwNP,Nasal_polyp,Serous_glandular,524,1334,0.0003329711061148,1331,0.3928035982008995,0.3936889556724267,0.3936889556724267,0.9977511244377811,-0.43520591333937897
GSE276503,CRSNP33,CRSwNP,Nasal_polyp,Surface_club,1,1334,0.0,1331,0.0007496251874062,0.0007513148009015,0.0007513148009015,0.9977511244377811,-6.790097235513905
GSE276503,CRSNP33,CRSwNP,Nasal_polyp,Transitional_secretory,564,1334,0.0003220004508074,1331,0.4227886056971514,0.4237415477084899,0.4237415477084899,0.9977511244377811,-0.3110992711704538
GSE276503,CRSNP34,CRSwNP,Nasal_polyp,Ambiguous_secretory,106,1321,0.0003063158902478,1320,0.0802422407267221,0.0803030303030303,0.0803030303030303,0.9992429977289932,-2.4347658086066986
GSE276503,CRSNP34,CRSwNP,Nasal_polyp,Goblet,47,1321,0.0004008819402685,1320,0.0355791067373202,0.0356060606060606,0.0356060606060606,0.9992429977289932,-3.2895795127755747
GSE276503,CRSNP34,CRSwNP,Nasal_polyp,Inflammatory_secretory,92,1321,0.0003115637647191,1320,0.0696442089326268,0.0696969696969697,0.0696969696969697,0.9992429977289932,-2.5871542171378676
GSE276503,CRSNP34,CRSwNP,Nasal_polyp,Mucous_glandular,1,1321,0.0004271678769756,1320,0.0007570022710068,0.0007575757575757,0.0007575757575757,0.9992429977289932,-6.780300623629023
GSE276503,CRSNP34,CRSwNP,Nasal_polyp,Serous_glandular,537,1321,0.0003431002538941,1320,0.4065102195306586,0.4068181818181818,0.4068181818181818,0.9992429977289932,-0.3781178121712695
GSE276503,CRSNP34,CRSwNP,Nasal_polyp,Surface_club,3,1321,0.0006410256410256,1320,0.0022710068130204,0.0022727272727272,0.0022727272727272,0.9992429977289932,-5.931487037297973
GSE276503,CRSNP34,CRSwNP,Nasal_polyp,Transitional_secretory,534,1321,0.0003572037887868,1320,0.4042392127176381,0.4045454545454545,0.4045454545454545,0.9992429977289932,-0.38753164023468817
GSE276503,CRSNP35,CRSwNP,Nasal_polyp,Ambiguous_secretory,129,2203,0.0001431024613623,2201,0.0585565138447571,0.0586097228532485,0.0586097228532485,0.9990921470721743,-2.77379455863333
GSE276503,CRSNP35,CRSwNP,Nasal_polyp,Goblet,20,2203,6.530541164177805e-05,2201,0.0090785292782569,0.0090867787369377,0.0090867787369377,0.9990921470721743,-4.6682594867812535
GSE276503,CRSNP35,CRSwNP,Nasal_polyp,Inflammatory_secretory,472,2203,0.0001137760156366,2201,0.2142532909668633,0.214447978191731,0.214447978191731,0.9990921470721743,-1.2987056169086793
GSE276503,CRSNP35,CRSwNP,Nasal_polyp,Mucous_glandular,2,2203,0.000107828337287,2201,0.0009078529278256,0.0009086778736937,0.0009086778736937,0.9990921470721743,-6.780603493321653
GSE276503,CRSNP35,CRSwNP,Nasal_polyp,Serous_glandular,252,2203,0.0001403416927782,2201,0.1143894689060372,0.1144934120854157,0.1144934120854157,0.9990921470721743,-2.044942337905255
GSE276503,CRSNP35,CRSwNP,Nasal_polyp,Surface_club,2,2203,0.0013897467572575,2201,0.0009078529278256,0.0009086778736937,0.0009086778736937,0.9990921470721743,-6.780603493321653
GSE276503,CRSNP35,CRSwNP,Nasal_polyp,Transitional_secretory,1324,2203,0.0001143905526645,2201,0.6009986382206083,0.6015447523852794,0.6015447523852794,0.9990921470721743,0.4094367445345116
GSE276503,CRSNP36,CRSwNP,Nasal_polyp,Ambiguous_secretory,111,1981,0.0001338688085676,1975,0.0560323069156991,0.0562025316455696,0.0562025316455696,0.9969712266532055,-2.8199364628880277
GSE276503,CRSNP36,CRSwNP,Nasal_polyp,Goblet,11,1981,0.0001811781757945,1975,0.00555275113579,0.0055696202531645,0.0055696202531645,0.9969712266532055,-5.143695561265854
GSE276503,CRSNP36,CRSwNP,Nasal_polyp,Inflammatory_secretory,449,1981,0.0001382934587194,1975,0.226653205451792,0.2273417721518987,0.2273417721518987,0.9969712266532055,-1.2265198138986915
GSE276503,CRSNP36,CRSwNP,Nasal_polyp,Mucous_glandular,4,1981,0.0002236616785693,1975,0.0020191822311963,0.0020253164556962,0.0020253164556962,0.9969712266532055,-6.085511302865535
GSE276503,CRSNP36,CRSwNP,Nasal_polyp,Serous_glandular,253,1981,0.0001258494840171,1975,0.1277132761231701,0.1281012658227848,0.1281012658227848,0.9969712266532055,-1.9196454363304412
GSE276503,CRSNP36,CRSwNP,Nasal_polyp,Surface_club,4,1981,0.0002436622961751,1975,0.0020191822311963,0.0020253164556962,0.0020253164556962,0.9969712266532055,-6.085511302865535
GSE276503,CRSNP36,CRSwNP,Nasal_polyp,Transitional_secretory,1143,1981,0.0001453911020645,1975,0.5769813225643614,0.5787341772151898,0.5787341772151898,0.9969712266532055,0.31023443219957214
GSE276503,CRSNP37,CRSwNP,Nasal_polyp,Ambiguous_secretory,176,3295,0.0,3294,0.0534142640364188,0.0534304796599878,0.0534304796599878,0.9996965098634294,-2.87210713517749
GSE276503,CRSNP37,CRSwNP,Nasal_polyp,Goblet,26,3295,0.0,3294,0.0078907435508345,0.00789313904068,0.00789313904068,0.9996965098634294,-4.815247614009154
GSE276503,CRSNP37,CRSwNP,Nasal_polyp,Inflammatory_secretory,755,3295,0.0,3294,0.2291350531107739,0.2292046144505161,0.2292046144505161,0.9996965098634294,-1.2127364093209925
GSE276503,CRSNP37,CRSwNP,Nasal_polyp,Mucous_glandular,2,3295,0.0,3294,0.0006069802731411,0.0006071645415907,0.0006071645415907,0.9996965098634294,-7.183415376206592
GSE276503,CRSNP37,CRSwNP,Nasal_polyp,Serous_glandular,551,3295,0.0,3294,0.1672230652503793,0.1672738312082574,0.1672738312082574,0.9996965098634294,-1.6047123492963868
GSE276503,CRSNP37,CRSwNP,Nasal_polyp,Surface_club,1,3295,0.0,3294,0.0003034901365705,0.0003035822707953,0.0003035822707953,0.9996965098634294,-7.69454458224571
GSE276503,CRSNP37,CRSwNP,Nasal_polyp,Transitional_secretory,1783,3295,0.0,3294,0.541122913505311,0.5412871888281724,0.5412871888281724,0.9996965098634294,0.16481381489394986
GSE276503,CRSNP38,CRSwNP,Nasal_polyp,Ambiguous_secretory,250,5192,0.0,5192,0.048151001540832,0.048151001540832,0.048151001540832,1.0,-2.9821676345198527
GSE276503,CRSNP38,CRSwNP,Nasal_polyp,Goblet,37,5192,0.0,5192,0.0071263482280431,0.0071263482280431,0.0071263482280431,1.0,-4.923478451981633
GSE276503,CRSNP38,CRSwNP,Nasal_polyp,Inflammatory_secretory,1322,5192,0.0,5192,0.2546224961479199,0.2546224961479199,0.2546224961479199,1.0,-1.0738598129123136
GSE276503,CRSNP38,CRSwNP,Nasal_polyp,Mucous_glandular,5,5192,6.629101756711965e-05,5192,0.0009630200308166,0.0009630200308166,0.0009630200308166,1.0,-6.849259072300528
GSE276503,CRSNP38,CRSwNP,Nasal_polyp,Serous_glandular,810,5192,0.0,5192,0.1560092449922958,0.1560092449922958,0.1560092449922958,1.0,-1.6877232756196587
GSE276503,CRSNP38,CRSwNP,Nasal_polyp,Surface_club,3,5192,0.0004675081813931,5192,0.0005778120184899,0.0005778120184899,0.0005778120184899,1.0,-7.301629663909976
GSE276503,CRSNP38,CRSwNP,Nasal_polyp,Transitional_secretory,2765,5192,0.0,5192,0.5325500770416025,0.5325500770416025,0.5325500770416025,1.0,0.13035952926925262
GSE276503,CRSNP39,CRSwNP,Nasal_polyp,Ambiguous_secretory,48,1144,0.0003829574806006,1143,0.0419580419580419,0.0419947506561679,0.0419947506561679,0.9991258741258742,-3.1183147699145053
GSE276503,CRSNP39,CRSwNP,Nasal_polyp,Goblet,17,1144,0.0006601749463607,1143,0.0148601398601398,0.0148731408573928,0.0148731408573928,0.9991258741258742,-4.165557190447365
GSE276503,CRSNP39,CRSwNP,Nasal_polyp,Inflammatory_secretory,115,1144,0.0003768465480856,1143,0.1005244755244755,0.1006124234470691,0.1006124234470691,0.9991258741258742,-2.187557996505996
GSE276503,CRSNP39,CRSwNP,Nasal_polyp,Mucous_glandular,0,1144,,1143,0.0,0.0,0.0,0.9991258741258742,-7.735870319952567
GSE276503,CRSNP39,CRSwNP,Nasal_polyp,Serous_glandular,113,1144,0.0004486316733961,1143,0.0987762237762237,0.0988626421697287,0.0988626421697287,0.9991258741258742,-2.206966495589849
GSE276503,CRSNP39,CRSwNP,Nasal_polyp,Surface_club,4,1144,0.000459751872411,1143,0.0034965034965034,0.0034995625546806,0.0034995625546806,0.9991258741258742,-5.5351446449481685
GSE276503,CRSNP39,CRSwNP,Nasal_polyp,Transitional_secretory,846,1144,0.0004082966302024,1143,0.7395104895104895,0.7401574803149606,0.7401574803149606,0.9991258741258742,1.0423402687405334
GSE276503,CRSNP40,CRSwNP,Nasal_polyp,Ambiguous_secretory,64,1180,0.0003117469769571,1175,0.0542372881355932,0.0544680851063829,0.0544680851063829,0.9957627118644068,-2.851288847478486
GSE276503,CRSNP40,CRSwNP,Nasal_polyp,Goblet,24,1180,0.00014160678733,1175,0.0203389830508474,0.0204255319148936,0.0204255319148936,0.9957627118644068,-3.8544803641208127
GSE276503,CRSNP40,CRSwNP,Nasal_polyp,Inflammatory_secretory,107,1180,0.0002747781166707,1175,0.0906779661016949,0.091063829787234,0.091063829787234,0.9957627118644068,-2.301188769751118
GSE276503,CRSNP40,CRSwNP,Nasal_polyp,Mucous_glandular,2,1180,0.0005339429804957,1175,0.0016949152542372,0.0017021276595744,0.0017021276595744,0.9957627118644068,-6.155706990502031
GSE276503,CRSNP40,CRSwNP,Nasal_polyp,Serous_glandular,127,1180,0.0003015226895823,1175,0.1076271186440677,0.1080851063829787,0.1080851063829787,0.9957627118644068,-2.111756868645763
GSE276503,CRSNP40,CRSwNP,Nasal_polyp,Surface_club,1,1180,0.0010607265977194,1175,0.0008474576271186,0.0008510638297872,0.0008510638297872,0.9957627118644068,-6.667380790739565
GSE276503,CRSNP40,CRSwNP,Nasal_polyp,Transitional_secretory,850,1180,0.0002722131761136,1175,0.7203389830508474,0.723404255319149,0.723404255319149,0.9957627118644068,0.9452177525441756
GSE276503,CRSNP41,CRSwNP,Nasal_polyp,Ambiguous_secretory,234,2753,0.0003362000856747,2750,0.0849981837994914,0.085090909090909,0.085090909090909,0.9989102796948783,-2.3743601602343185
GSE276503,CRSNP41,CRSwNP,Nasal_polyp,Goblet,9,2753,0.0013831258644536,2750,0.003269160915365,0.0032727272727272,0.0032727272727272,0.9989102796948783,-5.666062389383449
GSE276503,CRSNP41,CRSwNP,Nasal_polyp,Inflammatory_secretory,500,2753,0.0002973393499122,2750,0.1816200508536142,0.1818181818181818,0.1818181818181818,0.9989102796948783,-1.5046322433754278
GSE276503,CRSNP41,CRSwNP,Nasal_polyp,Mucous_glandular,2,2753,0.0011314702181911,2750,0.0007264802034144,0.0007272727272727,0.0007272727272727,0.9989102796948783,-7.003610764625658
GSE276503,CRSNP41,CRSwNP,Nasal_polyp,Serous_glandular,497,2753,0.0003311532411623,2750,0.1805303305484925,0.1807272727272727,0.1807272727272727,0.9989102796948783,-1.5119746626684083
GSE276503,CRSNP41,CRSwNP,Nasal_polyp,Surface_club,2,2753,0.0008077936553245,2750,0.0007264802034144,0.0007272727272727,0.0007272727272727,0.9989102796948783,-7.003610764625658
GSE276503,CRSNP41,CRSwNP,Nasal_polyp,Transitional_secretory,1506,2753,0.0003328341078147,2750,0.5470395931710861,0.5476363636363636,0.5476363636363636,0.9989102796948783,0.18864753094468217
GSE276503,CRSNP42,CRSwNP,Nasal_polyp,Ambiguous_secretory,270,3055,0.0002769508795409,3051,0.088379705400982,0.0884955752212389,0.0884955752212389,0.9986906710310965,-2.3319105711743338
GSE276503,CRSNP42,CRSwNP,Nasal_polyp,Goblet,4,3055,0.0006263862681534,3051,0.0013093289689034,0.0013110455588331,0.0013110455588331,0.9986906710310965,-6.519311155208276
GSE276503,CRSNP42,CRSwNP,Nasal_polyp,Inflammatory_secretory,518,3055,0.0002631511642652,3051,0.169558101472995,0.1697803998688954,0.1697803998688954,0.9986906710310965,-1.5879945956804606
GSE276503,CRSNP42,CRSwNP,Nasal_polyp,Mucous_glandular,3,3055,0.0002912055911473,3051,0.0009819967266775,0.0009832841691248,0.0009832841691248,0.9986906710310965,-6.770953237489492
GSE276503,CRSNP42,CRSwNP,Nasal_polyp,Serous_glandular,531,3055,0.0002911571416687,3051,0.1738134206219312,0.1740412979351032,0.1740412979351032,0.9986906710310965,-1.5580951045169678
GSE276503,CRSNP42,CRSwNP,Nasal_polyp,Surface_club,7,3055,0.0002863278453829,3051,0.002291325695581,0.002294329727958,0.002294329727958,0.9986906710310965,-6.007501924805606
GSE276503,CRSNP42,CRSwNP,Nasal_polyp,Transitional_secretory,1718,3055,0.0002724300852667,3051,0.5623567921440262,0.5630940675188463,0.5630940675188463,0.9986906710310965,0.2506496175197268
GSE276503,CRSNP43,CRSwNP,Nasal_polyp,Ambiguous_secretory,64,1690,0.001408762119421,1688,0.0378698224852071,0.0379146919431279,0.0379146919431279,0.9988165680473373,-3.2275205221116794
GSE276503,CRSNP43,CRSwNP,Nasal_polyp,Goblet,15,1690,0.0014993244801792,1688,0.0088757396449704,0.0088862559241706,0.0088862559241706,0.9988165680473373,-4.683026883252165
GSE276503,CRSNP43,CRSwNP,Nasal_polyp,Inflammatory_secretory,30,1690,0.0012697500832579,1688,0.0177514792899408,0.0177725118483412,0.0177725118483412,0.9988165680473373,-3.9971473572034353
GSE276503,CRSNP43,CRSwNP,Nasal_polyp,Mucous_glandular,1,1690,0.0012875536480686,1688,0.0005917159763313,0.0005924170616113,0.0005924170616113,0.9988165680473373,-7.02672279804618
GSE276503,CRSNP43,CRSwNP,Nasal_polyp,Serous_glandular,557,1690,0.0014332123065163,1688,0.329585798816568,0.3299763033175355,0.3299763033175355,0.9988165680473373,-0.7096029666133099
GSE276503,CRSNP43,CRSwNP,Nasal_polyp,Surface_club,9,1690,0.0016363264471262,1688,0.0053254437869822,0.0053317535545023,0.0053317535545023,0.9988165680473373,-5.176149732573829
GSE276503,CRSNP43,CRSwNP,Nasal_polyp,Transitional_secretory,1012,1690,0.0012552289003192,1688,0.5988165680473373,0.5995260663507109,0.5995260663507109,0.9988165680473373,0.40029331970577053
GSE276503,CRSNP44,CRSwNP,Nasal_polyp,Ambiguous_secretory,64,1558,0.0014276016032973,1557,0.0410783055198973,0.0411046885035324,0.0411046885035324,0.9993581514762516,-3.142881757922266
GSE276503,CRSNP44,CRSwNP,Nasal_polyp,Goblet,2,1558,0.0018538327765892,1557,0.0012836970474967,0.0012845215157353,0.0012845215157353,0.9993581514762516,-6.433904258007508
GSE276503,CRSNP44,CRSwNP,Nasal_polyp,Inflammatory_secretory,20,1558,0.0012551562856658,1557,0.0128369704749679,0.0128452151573538,0.0128452151573538,0.9993581514762516,-4.318138308617734
GSE276503,CRSNP44,CRSwNP,Nasal_polyp,Mucous_glandular,1,1558,0.0027247956403269,1557,0.0006418485237483,0.0006422607578676,0.0006422607578676,0.9993581514762516,-6.945372142553444
GSE276503,CRSNP44,CRSwNP,Nasal_polyp,Serous_glandular,508,1558,0.0012871345721387,1557,0.3260590500641848,0.3262684649967887,0.3262684649967887,0.9993581514762516,-0.7255563047964405
GSE276503,CRSNP44,CRSwNP,Nasal_polyp,Surface_club,1,1558,0.0013807179733461,1557,0.0006418485237483,0.0006422607578676,0.0006422607578676,0.9993581514762516,-6.945372142553444
GSE276503,CRSNP44,CRSwNP,Nasal_polyp,Transitional_secretory,961,1558,0.0011064075428131,1557,0.616816431322208,0.6172125883108542,0.6172125883108542,0.9993581514762516,0.47574028122316847
GSE276503,CRSNP45,CRSwNP,Nasal_polyp,Ambiguous_secretory,68,1469,0.0011105780815917,1469,0.046289993192648,0.046289993192648,0.046289993192648,1.0,-3.0184646253366636
GSE276503,CRSNP45,CRSwNP,Nasal_polyp,Goblet,4,1469,0.0043082414603289,1469,0.0027229407760381,0.0027229407760381,0.0027229407760381,1.0,-5.785874363374673
GSE276503,CRSNP45,CRSwNP,Nasal_polyp,Inflammatory_secretory,30,1469,0.0010149089491298,1469,0.0204220558202859,0.0204220558202859,0.0204220558202859,1.0,-3.8543244264388647
GSE276503,CRSNP45,CRSwNP,Nasal_polyp,Mucous_glandular,0,1469,,1469,0.0,0.0,0.0,1.0,-7.985824666418917
GSE276503,CRSNP45,CRSwNP,Nasal_polyp,Serous_glandular,537,1469,0.0011719894520949,1469,0.3655547991831178,0.3655547991831178,0.3655547991831178,1.0,-0.5509403915161526
GSE276503,CRSNP45,CRSwNP,Nasal_polyp,Surface_club,5,1469,0.0017262213015708,1469,0.0034036759700476,0.0034036759700476,0.0034036759700476,1.0,-5.584521074029363
GSE276503,CRSNP45,CRSwNP,Nasal_polyp,Transitional_secretory,825,1469,0.0009411553802715,1469,0.5616065350578625,0.5616065350578625,0.5616065350578625,1.0,0.24751444098094078
GSE276503,HCIT01,Healthy,Inferior_turbinate,Ambiguous_secretory,148,3122,0.0,3122,0.0474055092889173,0.0474055092889173,0.0474055092889173,1.0,-2.997246278385206
GSE276503,HCIT01,Healthy,Inferior_turbinate,Goblet,5,3122,0.0,3122,0.0016015374759769,0.0016015374759769,0.0016015374759769,1.0,-6.340038585315766
GSE276503,HCIT01,Healthy,Inferior_turbinate,Inflammatory_secretory,25,3122,0.0,3122,0.0080076873798846,0.0080076873798846,0.0080076873798846,1.0,-4.7996721613389175
GSE276503,HCIT01,Healthy,Inferior_turbinate,Mucous_glandular,34,3122,0.0,3122,0.0108904548366431,0.0108904548366431,0.0108904548366431,1.0,-4.4944814910986395
GSE276503,HCIT01,Healthy,Inferior_turbinate,Serous_glandular,2441,3122,0.0,3122,0.7818705957719411,0.7818705957719411,0.7818705957719411,1.0,1.2760716323651276
GSE276503,HCIT01,Healthy,Inferior_turbinate,Surface_club,27,3122,0.0,3122,0.0086483023702754,0.0086483023702754,0.0086483023702754,1.0,-4.723518718286761
GSE276503,HCIT01,Healthy,Inferior_turbinate,Transitional_secretory,442,3122,2.7684463078370644e-05,3122,0.1415759128763613,0.1415759128763613,0.1415759128763613,1.0,-1.801318158819608
GSE276503,HCIT02,Healthy,Inferior_turbinate,Ambiguous_secretory,142,2829,2.8499836622647143e-05,2829,0.0501944149876281,0.0501944149876281,0.0501944149876281,1.0,-2.937024672727213
GSE276503,HCIT02,Healthy,Inferior_turbinate,Goblet,46,2829,3.977063497591891e-05,2829,0.016260162601626,0.016260162601626,0.016260162601626,1.0,-4.092012095030252
GSE276503,HCIT02,Healthy,Inferior_turbinate,Inflammatory_secretory,37,2829,0.0,2829,0.0130788264404383,0.0130788264404383,0.0130788264404383,1.0,-4.31035159796699
GSE276503,HCIT02,Healthy,Inferior_turbinate,Mucous_glandular,42,2829,0.0,2829,0.0148462354188759,0.0148462354188759,0.0148462354188759,1.0,-4.183396339838003
GSE276503,HCIT02,Healthy,Inferior_turbinate,Serous_glandular,2070,2829,0.0,2829,0.7317073170731707,0.7317073170731707,0.7317073170731707,1.0,1.0028850809497944
GSE276503,HCIT02,Healthy,Inferior_turbinate,Surface_club,33,2829,2.703287197231834e-05,2829,0.0116648992576882,0.0116648992576882,0.0116648992576882,1.0,-4.424578475430622
GSE276503,HCIT02,Healthy,Inferior_turbinate,Transitional_secretory,459,2829,3.1427763286086926e-05,2829,0.1622481442205726,0.1622481442205726,0.1622481442205726,1.0,-1.6407172405464312
