dataset,donor,disease,tissue,subtype,column,n_cells,eligible_n10,eligible_n20,eligible_n50
GSE235711,HC_1,Healthy,Ethmoid,Serous_glandular,HC_1|Healthy|Ethmoid|Serous_glandular,1847,True,True,True
GSE235711,HC_2,Healthy,Ethmoid,Serous_glandular,HC_2|Healthy|Ethmoid|Serous_glandular,792,True,True,True
GSE235711,HC_3,Healthy,Ethmoid,Serous_glandular,HC_3|Healthy|Ethmoid|Serous_glandular,680,True,True,True
GSE235711,HC_4,Healthy,Ethmoid,Serous_glandular,HC_4|Healthy|Ethmoid|Serous_glandular,816,True,True,True
GSE235711,HC_5,Healthy,Ethmoid,Serous_glandular,HC_5|Healthy|Ethmoid|Serous_glandular,242,True,True,True
GSE235711,CRSsNP_1,CRSsNP,Ethmoid,Serous_glandular,CRSsNP_1|CRSsNP|Ethmoid|Serous_glandular,2785,True,True,True
GSE235711,CRSsNP_2,CRSsNP,Ethmoid,Serous_glandular,CRSsNP_2|CRSsNP|Ethmoid|Serous_glandular,596,True,True,True
GSE235711,CRSsNP_3,CRSsNP,Ethmoid,Serous_glandular,CRSsNP_3|CRSsNP|Ethmoid|Serous_glandular,875,True,True,True
GSE235711,CRSsNP_4,CRSsNP,Ethmoid,Serous_glandular,CRSsNP_4|CRSsNP|Ethmoid|Serous_glandular,1945,True,True,True
GSE235711,CRSsNP_5,CRSsNP,Ethmoid,Serous_glandular,CRSsNP_5|CRSsNP|Ethmoid|Serous_glandular,53,True,True,True
GSE235711,CRSwNP_1,CRSwNP,Ethmoid,Serous_glandular,CRSwNP_1|CRSwNP|Ethmoid|Serous_glandular,105,True,True,True
GSE235711,CRSwNP_2,CRSwNP,Ethmoid,Serous_glandular,CRSwNP_2|CRSwNP|Ethmoid|Serous_glandular,68,True,True,True
GSE235711,CRSwNP_3,CRSwNP,Ethmoid,Serous_glandular,CRSwNP_3|CRSwNP|Ethmoid|Serous_glandular,490,True,True,True
GSE235711,CRSwNP_6,CRSwNP,Ethmoid,Serous_glandular,CRSwNP_6|CRSwNP|Ethmoid|Serous_glandular,129,True,True,True
GSE235711,CRSwNP_1,CRSwNP,Nasal_polyp,Serous_glandular,CRSwNP_1|CRSwNP|Nasal_polyp|Serous_glandular,216,True,True,True
GSE235711,CRSwNP_2,CRSwNP,Nasal_polyp,Serous_glandular,CRSwNP_2|CRSwNP|Nasal_polyp|Serous_glandular,378,True,True,True
GSE235711,CRSwNP_3,CRSwNP,Nasal_polyp,Serous_glandular,CRSwNP_3|CRSwNP|Nasal_polyp|Serous_glandular,2327,True,True,True
GSE235711,CRSwNP_4,CRSwNP,Nasal_polyp,Serous_glandular,CRSwNP_4|CRSwNP|Nasal_polyp|Serous_glandular,427,True,True,True
GSE235711,CRSwNP_5,CRSwNP,Nasal_polyp,Serous_glandular,CRSwNP_5|CRSwNP|Nasal_polyp|Serous_glandular,339,True,True,True
GSE235711,CRSwNP_6,CRSwNP,Nasal_polyp,Serous_glandular,CRSwNP_6|CRSwNP|Nasal_polyp|Serous_glandular,64,True,True,True
GSE276503,HCIT01,Healthy,Inferior_turbinate,Serous_glandular,HCIT01|Healthy|Inferior_turbinate|Serous_glandular,2441,True,True,True
GSE276503,HCIT02,Healthy,Inferior_turbinate,Serous_glandular,HCIT02|Healthy|Inferior_turbinate|Serous_glandular,2070,True,True,True
GSE276503,CRSIT12,CRSwNP,Inferior_turbinate,Serous_glandular,CRSIT12|CRSwNP|Inferior_turbinate|Serous_glandular,1298,True,True,True
GSE276503,CRSIT13,CRSwNP,Inferior_turbinate,Serous_glandular,CRSIT13|CRSwNP|Inferior_turbinate|Serous_glandular,1087,True,True,True
GSE276503,CRSIT16,CRSwNP,Inferior_turbinate,Serous_glandular,CRSIT16|CRSwNP|Inferior_turbinate|Serous_glandular,1114,True,True,True
GSE276503,CRSIT17,CRSwNP,Inferior_turbinate,Serous_glandular,CRSIT17|CRSwNP|Inferior_turbinate|Serous_glandular,1710,True,True,True
GSE276503,CRSIT18,CRSwNP,Inferior_turbinate,Serous_glandular,CRSIT18|CRSwNP|Inferior_turbinate|Serous_glandular,1490,True,True,True
GSE276503,CRSIT19,CRSwNP,Inferior_turbinate,Serous_glandular,CRSIT19|CRSwNP|Inferior_turbinate|Serous_glandular,986,True,True,True
GSE276503,CRSMT21,CRSwNP,Middle_turbinate,Serous_glandular,CRSMT21|CRSwNP|Middle_turbinate|Serous_glandular,3383,True,True,True
GSE276503,CRSMT23,CRSwNP,Middle_turbinate,Serous_glandular,CRSMT23|CRSwNP|Middle_turbinate|Serous_glandular,192,True,True,True
GSE276503,CRSMT24,CRSwNP,Middle_turbinate,Serous_glandular,CRSMT24|CRSwNP|Middle_turbinate|Serous_glandular,111,True,True,True
GSE276503,CRSMT25,CRSwNP,Middle_turbinate,Serous_glandular,CRSMT25|CRSwNP|Middle_turbinate|Serous_glandular,2557,True,True,True
GSE276503,CRSMT26,CRSwNP,Middle_turbinate,Serous_glandular,CRSMT26|CRSwNP|Middle_turbinate|Serous_glandular,2078,True,True,True
GSE276503,CRSMT27,CRSwNP,Middle_turbinate,Serous_glandular,CRSMT27|CRSwNP|Middle_turbinate|Serous_glandular,2002,True,True,True
GSE276503,CRSNP31,CRSwNP,Nasal_polyp,Serous_glandular,CRSNP31|CRSwNP|Nasal_polyp|Serous_glandular,546,True,True,True
GSE276503,CRSNP32,CRSwNP,Nasal_polyp,Serous_glandular,CRSNP32|CRSwNP|Nasal_polyp|Serous_glandular,436,True,True,True
GSE276503,CRSNP33,CRSwNP,Nasal_polyp,Serous_glandular,CRSNP33|CRSwNP|Nasal_polyp|Serous_glandular,524,True,True,True
GSE276503,CRSNP34,CRSwNP,Nasal_polyp,Serous_glandular,CRSNP34|CRSwNP|Nasal_polyp|Serous_glandular,537,True,True,True
GSE276503,CRSNP35,CRSwNP,Nasal_polyp,Serous_glandular,CRSNP35|CRSwNP|Nasal_polyp|Serous_glandular,252,True,True,True
GSE276503,CRSNP36,CRSwNP,Nasal_polyp,Serous_glandular,CRSNP36|CRSwNP|Nasal_polyp|Serous_glandular,253,True,True,True
GSE276503,CRSNP37,CRSwNP,Nasal_polyp,Serous_glandular,CRSNP37|CRSwNP|Nasal_polyp|Serous_glandular,551,True,True,True
GSE276503,CRSNP38,CRSwNP,Nasal_polyp,Serous_glandular,CRSNP38|CRSwNP|Nasal_polyp|Serous_glandular,810,True,True,True
GSE276503,CRSNP39,CRSwNP,Nasal_polyp,Serous_glandular,CRSNP39|CRSwNP|Nasal_polyp|Serous_glandular,113,True,True,True
GSE276503,CRSNP40,CRSwNP,Nasal_polyp,Serous_glandular,CRSNP40|CRSwNP|Nasal_polyp|Serous_glandular,127,True,True,True
GSE276503,CRSNP41,CRSwNP,Nasal_polyp,Serous_glandular,CRSNP41|CRSwNP|Nasal_polyp|Serous_glandular,497,True,True,True
GSE276503,CRSNP42,CRSwNP,Nasal_polyp,Serous_glandular,CRSNP42|CRSwNP|Nasal_polyp|Serous_glandular,531,True,True,True
GSE276503,CRSNP43,CRSwNP,Nasal_polyp,Serous_glandular,CRSNP43|CRSwNP|Nasal_polyp|Serous_glandular,557,True,True,True
GSE276503,CRSNP44,CRSwNP,Nasal_polyp,Serous_glandular,CRSNP44|CRSwNP|Nasal_polyp|Serous_glandular,508,True,True,True
GSE276503,CRSNP45,CRSwNP,Nasal_polyp,Serous_glandular,CRSNP45|CRSwNP|Nasal_polyp|Serous_glandular,537,True,True,True
GSE261706,AR1,AR,Inferior_turbinate,Serous_glandular,AR1|AR|Inferior_turbinate|Serous_glandular,3954,True,True,True
GSE261706,AR2,AR,Inferior_turbinate,Serous_glandular,AR2|AR|Inferior_turbinate|Serous_glandular,1272,True,True,True
GSE261706,CON1,Healthy,Inferior_turbinate,Serous_glandular,CON1|Healthy|Inferior_turbinate|Serous_glandular,677,True,True,True
GSE261706,CON2,Healthy,Inferior_turbinate,Serous_glandular,CON2|Healthy|Inferior_turbinate|Serous_glandular,1850,True,True,True
