network,column,source,activity,dataset,donor,disease,tissue,subtype,n_cells
PROGENy,HC_1|Healthy|Ethmoid|Serous_glandular,Androgen,-0.8512550149693755,GSE235711,HC_1,Healthy,Ethmoid,Serous_glandular,1847
PROGENy,HC_2|Healthy|Ethmoid|Serous_glandular,Androgen,-2.2845154452146526,GSE235711,HC_2,Healthy,Ethmoid,Serous_glandular,792
PROGENy,HC_3|Healthy|Ethmoid|Serous_glandular,Androgen,-0.515829544532244,GSE235711,HC_3,Healthy,Ethmoid,Serous_glandular,680
PROGENy,HC_4|Healthy|Ethmoid|Serous_glandular,Androgen,-1.9601939824264296,GSE235711,HC_4,Healthy,Ethmoid,Serous_glandular,816
PROGENy,HC_5|Healthy|Ethmoid|Serous_glandular,Androgen,-0.44195535076056436,GSE235711,HC_5,Healthy,Ethmoid,Serous_glandular,242
PROGENy,CRSsNP_1|CRSsNP|Ethmoid|Serous_glandular,Androgen,2.1283292576147663,GSE235711,CRSsNP_1,CRSsNP,Ethmoid,Serous_glandular,2785
PROGENy,CRSsNP_2|CRSsNP|Ethmoid|Serous_glandular,Androgen,0.6423826508845323,GSE235711,CRSsNP_2,CRSsNP,Ethmoid,Serous_glandular,596
PROGENy,CRSsNP_3|CRSsNP|Ethmoid|Serous_glandular,Androgen,-1.158834237155638,GSE235711,CRSsNP_3,CRSsNP,Ethmoid,Serous_glandular,875
PROGENy,CRSsNP_4|CRSsNP|Ethmoid|Serous_glandular,Androgen,3.108334192496876,GSE235711,CRSsNP_4,CRSsNP,Ethmoid,Serous_glandular,1945
PROGENy,CRSsNP_5|CRSsNP|Ethmoid|Serous_glandular,Androgen,0.5530301676072796,GSE235711,CRSsNP_5,CRSsNP,Ethmoid,Serous_glandular,53
PROGENy,CRSwNP_1|CRSwNP|Ethmoid|Serous_glandular,Androgen,-5.659427708259168,GSE235711,CRSwNP_1,CRSwNP,Ethmoid,Serous_glandular,105
PROGENy,CRSwNP_2|CRSwNP|Ethmoid|Serous_glandular,Androgen,0.3523923518620931,GSE235711,CRSwNP_2,CRSwNP,Ethmoid,Serous_glandular,68
PROGENy,CRSwNP_3|CRSwNP|Ethmoid|Serous_glandular,Androgen,1.1885222234888984,GSE235711,CRSwNP_3,CRSwNP,Ethmoid,Serous_glandular,490
PROGENy,CRSwNP_6|CRSwNP|Ethmoid|Serous_glandular,Androgen,-1.0485989549510941,GSE235711,CRSwNP_6,CRSwNP,Ethmoid,Serous_glandular,129
PROGENy,CRSwNP_1|CRSwNP|Nasal_polyp|Serous_glandular,Androgen,4.008812772047134,GSE235711,CRSwNP_1,CRSwNP,Nasal_polyp,Serous_glandular,216
PROGENy,CRSwNP_2|CRSwNP|Nasal_polyp|Serous_glandular,Androgen,-1.0106391817555795,GSE235711,CRSwNP_2,CRSwNP,Nasal_polyp,Serous_glandular,378
PROGENy,CRSwNP_3|CRSwNP|Nasal_polyp|Serous_glandular,Androgen,0.6125484476865254,GSE235711,CRSwNP_3,CRSwNP,Nasal_polyp,Serous_glandular,2327
PROGENy,CRSwNP_4|CRSwNP|Nasal_polyp|Serous_glandular,Androgen,1.1809668058796041,GSE235711,CRSwNP_4,CRSwNP,Nasal_polyp,Serous_glandular,427
PROGENy,CRSwNP_5|CRSwNP|Nasal_polyp|Serous_glandular,Androgen,0.9550409866984904,GSE235711,CRSwNP_5,CRSwNP,Nasal_polyp,Serous_glandular,339
PROGENy,CRSwNP_6|CRSwNP|Nasal_polyp|Serous_glandular,Androgen,0.20088956375851874,GSE235711,CRSwNP_6,CRSwNP,Nasal_polyp,Serous_glandular,64
PROGENy,HC_1|Healthy|Ethmoid|Serous_glandular,EGFR,-0.20622900930234886,GSE235711,HC_1,Healthy,Ethmoid,Serous_glandular,1847
PROGENy,HC_2|Healthy|Ethmoid|Serous_glandular,EGFR,-8.108220299416075,GSE235711,HC_2,Healthy,Ethmoid,Serous_glandular,792
PROGENy,HC_3|Healthy|Ethmoid|Serous_glandular,EGFR,-3.770796516281377,GSE235711,HC_3,Healthy,Ethmoid,Serous_glandular,680
PROGENy,HC_4|Healthy|Ethmoid|Serous_glandular,EGFR,2.5007657874576896,GSE235711,HC_4,Healthy,Ethmoid,Serous_glandular,816
PROGENy,HC_5|Healthy|Ethmoid|Serous_glandular,EGFR,-0.30093038307505643,GSE235711,HC_5,Healthy,Ethmoid,Serous_glandular,242
PROGENy,CRSsNP_1|CRSsNP|Ethmoid|Serous_glandular,EGFR,-2.5887238404445303,GSE235711,CRSsNP_1,CRSsNP,Ethmoid,Serous_glandular,2785
PROGENy,CRSsNP_2|CRSsNP|Ethmoid|Serous_glandular,EGFR,-6.293712761800246,GSE235711,CRSsNP_2,CRSsNP,Ethmoid,Serous_glandular,596
PROGENy,CRSsNP_3|CRSsNP|Ethmoid|Serous_glandular,EGFR,1.198349070512172,GSE235711,CRSsNP_3,CRSsNP,Ethmoid,Serous_glandular,875
PROGENy,CRSsNP_4|CRSsNP|Ethmoid|Serous_glandular,EGFR,-3.06271228201819,GSE235711,CRSsNP_4,CRSsNP,Ethmoid,Serous_glandular,1945
PROGENy,CRSsNP_5|CRSsNP|Ethmoid|Serous_glandular,EGFR,1.8295901728382715,GSE235711,CRSsNP_5,CRSsNP,Ethmoid,Serous_glandular,53
PROGENy,CRSwNP_1|CRSwNP|Ethmoid|Serous_glandular,EGFR,14.409084558008558,GSE235711,CRSwNP_1,CRSwNP,Ethmoid,Serous_glandular,105
PROGENy,CRSwNP_2|CRSwNP|Ethmoid|Serous_glandular,EGFR,-1.432997957108859,GSE235711,CRSwNP_2,CRSwNP,Ethmoid,Serous_glandular,68
PROGENy,CRSwNP_3|CRSwNP|Ethmoid|Serous_glandular,EGFR,0.7108755577969417,GSE235711,CRSwNP_3,CRSwNP,Ethmoid,Serous_glandular,490
PROGENy,CRSwNP_6|CRSwNP|Ethmoid|Serous_glandular,EGFR,1.4325322296441154,GSE235711,CRSwNP_6,CRSwNP,Ethmoid,Serous_glandular,129
PROGENy,CRSwNP_1|CRSwNP|Nasal_polyp|Serous_glandular,EGFR,1.8026133065950194,GSE235711,CRSwNP_1,CRSwNP,Nasal_polyp,Serous_glandular,216
PROGENy,CRSwNP_2|CRSwNP|Nasal_polyp|Serous_glandular,EGFR,-1.280939525792048,GSE235711,CRSwNP_2,CRSwNP,Nasal_polyp,Serous_glandular,378
PROGENy,CRSwNP_3|CRSwNP|Nasal_polyp|Serous_glandular,EGFR,-1.0405922500410891,GSE235711,CRSwNP_3,CRSwNP,Nasal_polyp,Serous_glandular,2327
PROGENy,CRSwNP_4|CRSwNP|Nasal_polyp|Serous_glandular,EGFR,3.175178248639166,GSE235711,CRSwNP_4,CRSwNP,Nasal_polyp,Serous_glandular,427
PROGENy,CRSwNP_5|CRSwNP|Nasal_polyp|Serous_glandular,EGFR,-0.7199242467797531,GSE235711,CRSwNP_5,CRSwNP,Nasal_polyp,Serous_glandular,339
PROGENy,CRSwNP_6|CRSwNP|Nasal_polyp|Serous_glandular,EGFR,1.7467901405676531,GSE235711,CRSwNP_6,CRSwNP,Nasal_polyp,Serous_glandular,64
PROGENy,HC_1|Healthy|Ethmoid|Serous_glandular,Estrogen,0.12804344490674843,GSE235711,HC_1,Healthy,Ethmoid,Serous_glandular,1847
PROGENy,HC_2|Healthy|Ethmoid|Serous_glandular,Estrogen,-0.26831599143413576,GSE235711,HC_2,Healthy,Ethmoid,Serous_glandular,792
PROGENy,HC_3|Healthy|Ethmoid|Serous_glandular,Estrogen,-0.1332846228923956,GSE235711,HC_3,Healthy,Ethmoid,Serous_glandular,680
PROGENy,HC_4|Healthy|Ethmoid|Serous_glandular,Estrogen,0.9507742500896406,GSE235711,HC_4,Healthy,Ethmoid,Serous_glandular,816
PROGENy,HC_5|Healthy|Ethmoid|Serous_glandular,Estrogen,-1.8235730006957036,GSE235711,HC_5,Healthy,Ethmoid,Serous_glandular,242
PROGENy,CRSsNP_1|CRSsNP|Ethmoid|Serous_glandular,Estrogen,3.099881455894047,GSE235711,CRSsNP_1,CRSsNP,Ethmoid,Serous_glandular,2785
PROGENy,CRSsNP_2|CRSsNP|Ethmoid|Serous_glandular,Estrogen,-0.2741166359887133,GSE235711,CRSsNP_2,CRSsNP,Ethmoid,Serous_glandular,596
PROGENy,CRSsNP_3|CRSsNP|Ethmoid|Serous_glandular,Estrogen,-0.16630217183692805,GSE235711,CRSsNP_3,CRSsNP,Ethmoid,Serous_glandular,875
PROGENy,CRSsNP_4|CRSsNP|Ethmoid|Serous_glandular,Estrogen,-0.9229479116123259,GSE235711,CRSsNP_4,CRSsNP,Ethmoid,Serous_glandular,1945
PROGENy,CRSsNP_5|CRSsNP|Ethmoid|Serous_glandular,Estrogen,-1.9413425728112281,GSE235711,CRSsNP_5,CRSsNP,Ethmoid,Serous_glandular,53
PROGENy,CRSwNP_1|CRSwNP|Ethmoid|Serous_glandular,Estrogen,1.5149175032405933,GSE235711,CRSwNP_1,CRSwNP,Ethmoid,Serous_glandular,105
PROGENy,CRSwNP_2|CRSwNP|Ethmoid|Serous_glandular,Estrogen,0.38100009932582857,GSE235711,CRSwNP_2,CRSwNP,Ethmoid,Serous_glandular,68
PROGENy,CRSwNP_3|CRSwNP|Ethmoid|Serous_glandular,Estrogen,1.304141672849089,GSE235711,CRSwNP_3,CRSwNP,Ethmoid,Serous_glandular,490
PROGENy,CRSwNP_6|CRSwNP|Ethmoid|Serous_glandular,Estrogen,2.3541608601120823,GSE235711,CRSwNP_6,CRSwNP,Ethmoid,Serous_glandular,129
PROGENy,CRSwNP_1|CRSwNP|Nasal_polyp|Serous_glandular,Estrogen,-0.2458504952149567,GSE235711,CRSwNP_1,CRSwNP,Nasal_polyp,Serous_glandular,216
PROGENy,CRSwNP_2|CRSwNP|Nasal_polyp|Serous_glandular,Estrogen,0.9176977865307941,GSE235711,CRSwNP_2,CRSwNP,Nasal_polyp,Serous_glandular,378
PROGENy,CRSwNP_3|CRSwNP|Nasal_polyp|Serous_glandular,Estrogen,-0.0510375450071416,GSE235711,CRSwNP_3,CRSwNP,Nasal_polyp,Serous_glandular,2327
PROGENy,CRSwNP_4|CRSwNP|Nasal_polyp|Serous_glandular,Estrogen,0.572695429276581,GSE235711,CRSwNP_4,CRSwNP,Nasal_polyp,Serous_glandular,427
PROGENy,CRSwNP_5|CRSwNP|Nasal_polyp|Serous_glandular,Estrogen,-4.13076996732138,GSE235711,CRSwNP_5,CRSwNP,Nasal_polyp,Serous_glandular,339
PROGENy,CRSwNP_6|CRSwNP|Nasal_polyp|Serous_glandular,Estrogen,-1.2657715874104951,GSE235711,CRSwNP_6,CRSwNP,Nasal_polyp,Serous_glandular,64
PROGENy,HC_1|Healthy|Ethmoid|Serous_glandular,Hypoxia,-8.1524808244565,GSE235711,HC_1,Healthy,Ethmoid,Serous_glandular,1847
PROGENy,HC_2|Healthy|Ethmoid|Serous_glandular,Hypoxia,-7.315213380499295,GSE235711,HC_2,Healthy,Ethmoid,Serous_glandular,792
PROGENy,HC_3|Healthy|Ethmoid|Serous_glandular,Hypoxia,-5.738514161599383,GSE235711,HC_3,Healthy,Ethmoid,Serous_glandular,680
PROGENy,HC_4|Healthy|Ethmoid|Serous_glandular,Hypoxia,-4.380951891393116,GSE235711,HC_4,Healthy,Ethmoid,Serous_glandular,816
PROGENy,HC_5|Healthy|Ethmoid|Serous_glandular,Hypoxia,-1.8603650030965062,GSE235711,HC_5,Healthy,Ethmoid,Serous_glandular,242
PROGENy,CRSsNP_1|CRSsNP|Ethmoid|Serous_glandular,Hypoxia,-3.1809550298747036,GSE235711,CRSsNP_1,CRSsNP,Ethmoid,Serous_glandular,2785
PROGENy,CRSsNP_2|CRSsNP|Ethmoid|Serous_glandular,Hypoxia,-4.759377057840569,GSE235711,CRSsNP_2,CRSsNP,Ethmoid,Serous_glandular,596
PROGENy,CRSsNP_3|CRSsNP|Ethmoid|Serous_glandular,Hypoxia,-0.5320316166271798,GSE235711,CRSsNP_3,CRSsNP,Ethmoid,Serous_glandular,875
PROGENy,CRSsNP_4|CRSsNP|Ethmoid|Serous_glandular,Hypoxia,-1.3645308318272886,GSE235711,CRSsNP_4,CRSsNP,Ethmoid,Serous_glandular,1945
PROGENy,CRSsNP_5|CRSsNP|Ethmoid|Serous_glandular,Hypoxia,4.847645306409356,GSE235711,CRSsNP_5,CRSsNP,Ethmoid,Serous_glandular,53
PROGENy,CRSwNP_1|CRSwNP|Ethmoid|Serous_glandular,Hypoxia,1.0474888848623651,GSE235711,CRSwNP_1,CRSwNP,Ethmoid,Serous_glandular,105
PROGENy,CRSwNP_2|CRSwNP|Ethmoid|Serous_glandular,Hypoxia,1.8540385841691198,GSE235711,CRSwNP_2,CRSwNP,Ethmoid,Serous_glandular,68
PROGENy,CRSwNP_3|CRSwNP|Ethmoid|Serous_glandular,Hypoxia,3.2865269734325167,GSE235711,CRSwNP_3,CRSwNP,Ethmoid,Serous_glandular,490
PROGENy,CRSwNP_6|CRSwNP|Ethmoid|Serous_glandular,Hypoxia,1.418886903431386,GSE235711,CRSwNP_6,CRSwNP,Ethmoid,Serous_glandular,129
PROGENy,CRSwNP_1|CRSwNP|Nasal_polyp|Serous_glandular,Hypoxia,1.7637119645457184,GSE235711,CRSwNP_1,CRSwNP,Nasal_polyp,Serous_glandular,216
PROGENy,CRSwNP_2|CRSwNP|Nasal_polyp|Serous_glandular,Hypoxia,1.9663293774302737,GSE235711,CRSwNP_2,CRSwNP,Nasal_polyp,Serous_glandular,378
PROGENy,CRSwNP_3|CRSwNP|Nasal_polyp|Serous_glandular,Hypoxia,1.35369329741339,GSE235711,CRSwNP_3,CRSwNP,Nasal_polyp,Serous_glandular,2327
PROGENy,CRSwNP_4|CRSwNP|Nasal_polyp|Serous_glandular,Hypoxia,4.555968513174012,GSE235711,CRSwNP_4,CRSwNP,Nasal_polyp,Serous_glandular,427
PROGENy,CRSwNP_5|CRSwNP|Nasal_polyp|Serous_glandular,Hypoxia,7.106857914998435,GSE235711,CRSwNP_5,CRSwNP,Nasal_polyp,Serous_glandular,339
PROGENy,CRSwNP_6|CRSwNP|Nasal_polyp|Serous_glandular,Hypoxia,8.083272077347942,GSE235711,CRSwNP_6,CRSwNP,Nasal_polyp,Serous_glandular,64
PROGENy,HC_1|Healthy|Ethmoid|Serous_glandular,JAK-STAT,-5.01628976236004,GSE235711,HC_1,Healthy,Ethmoid,Serous_glandular,1847
PROGENy,HC_2|Healthy|Ethmoid|Serous_glandular,JAK-STAT,-2.376121197148022,GSE235711,HC_2,Healthy,Ethmoid,Serous_glandular,792
PROGENy,HC_3|Healthy|Ethmoid|Serous_glandular,JAK-STAT,0.8625853664510048,GSE235711,HC_3,Healthy,Ethmoid,Serous_glandular,680
PROGENy,HC_4|Healthy|Ethmoid|Serous_glandular,JAK-STAT,-2.882728883736895,GSE235711,HC_4,Healthy,Ethmoid,Serous_glandular,816
PROGENy,HC_5|Healthy|Ethmoid|Serous_glandular,JAK-STAT,1.0529559163218587,GSE235711,HC_5,Healthy,Ethmoid,Serous_glandular,242
PROGENy,CRSsNP_1|CRSsNP|Ethmoid|Serous_glandular,JAK-STAT,-6.559914011160748,GSE235711,CRSsNP_1,CRSsNP,Ethmoid,Serous_glandular,2785
PROGENy,CRSsNP_2|CRSsNP|Ethmoid|Serous_glandular,JAK-STAT,-4.377476206207163,GSE235711,CRSsNP_2,CRSsNP,Ethmoid,Serous_glandular,596
PROGENy,CRSsNP_3|CRSsNP|Ethmoid|Serous_glandular,JAK-STAT,13.330643886904763,GSE235711,CRSsNP_3,CRSsNP,Ethmoid,Serous_glandular,875
PROGENy,CRSsNP_4|CRSsNP|Ethmoid|Serous_glandular,JAK-STAT,13.371810760764095,GSE235711,CRSsNP_4,CRSsNP,Ethmoid,Serous_glandular,1945
PROGENy,CRSsNP_5|CRSsNP|Ethmoid|Serous_glandular,JAK-STAT,8.1417637006134,GSE235711,CRSsNP_5,CRSsNP,Ethmoid,Serous_glandular,53
PROGENy,CRSwNP_1|CRSwNP|Ethmoid|Serous_glandular,JAK-STAT,-19.882890511346254,GSE235711,CRSwNP_1,CRSwNP,Ethmoid,Serous_glandular,105
PROGENy,CRSwNP_2|CRSwNP|Ethmoid|Serous_glandular,JAK-STAT,-10.3336914656265,GSE235711,CRSwNP_2,CRSwNP,Ethmoid,Serous_glandular,68
PROGENy,CRSwNP_3|CRSwNP|Ethmoid|Serous_glandular,JAK-STAT,-6.978853281795915,GSE235711,CRSwNP_3,CRSwNP,Ethmoid,Serous_glandular,490
PROGENy,CRSwNP_6|CRSwNP|Ethmoid|Serous_glandular,JAK-STAT,8.827570897522264,GSE235711,CRSwNP_6,CRSwNP,Ethmoid,Serous_glandular,129
PROGENy,CRSwNP_1|CRSwNP|Nasal_polyp|Serous_glandular,JAK-STAT,-5.811717823151735,GSE235711,CRSwNP_1,CRSwNP,Nasal_polyp,Serous_glandular,216
PROGENy,CRSwNP_2|CRSwNP|Nasal_polyp|Serous_glandular,JAK-STAT,-5.095255565277198,GSE235711,CRSwNP_2,CRSwNP,Nasal_polyp,Serous_glandular,378
PROGENy,CRSwNP_3|CRSwNP|Nasal_polyp|Serous_glandular,JAK-STAT,2.501374153679397,GSE235711,CRSwNP_3,CRSwNP,Nasal_polyp,Serous_glandular,2327
PROGENy,CRSwNP_4|CRSwNP|Nasal_polyp|Serous_glandular,JAK-STAT,12.670247575937886,GSE235711,CRSwNP_4,CRSwNP,Nasal_polyp,Serous_glandular,427
PROGENy,CRSwNP_5|CRSwNP|Nasal_polyp|Serous_glandular,JAK-STAT,-3.288440925227594,GSE235711,CRSwNP_5,CRSwNP,Nasal_polyp,Serous_glandular,339
PROGENy,CRSwNP_6|CRSwNP|Nasal_polyp|Serous_glandular,JAK-STAT,11.8444273748434,GSE235711,CRSwNP_6,CRSwNP,Nasal_polyp,Serous_glandular,64
PROGENy,HC_1|Healthy|Ethmoid|Serous_glandular,MAPK,-2.154030019450173,GSE235711,HC_1,Healthy,Ethmoid,Serous_glandular,1847
PROGENy,HC_2|Healthy|Ethmoid|Serous_glandular,MAPK,-8.328594521790228,GSE235711,HC_2,Healthy,Ethmoid,Serous_glandular,792
PROGENy,HC_3|Healthy|Ethmoid|Serous_glandular,MAPK,-3.0387820170465156,GSE235711,HC_3,Healthy,Ethmoid,Serous_glandular,680
PROGENy,HC_4|Healthy|Ethmoid|Serous_glandular,MAPK,-1.9560370619351812,GSE235711,HC_4,Healthy,Ethmoid,Serous_glandular,816
PROGENy,HC_5|Healthy|Ethmoid|Serous_glandular,MAPK,-1.1836221020078528,GSE235711,HC_5,Healthy,Ethmoid,Serous_glandular,242
PROGENy,CRSsNP_1|CRSsNP|Ethmoid|Serous_glandular,MAPK,0.6044401512527751,GSE235711,CRSsNP_1,CRSsNP,Ethmoid,Serous_glandular,2785
PROGENy,CRSsNP_2|CRSsNP|Ethmoid|Serous_glandular,MAPK,-5.53870655152103,GSE235711,CRSsNP_2,CRSsNP,Ethmoid,Serous_glandular,596
PROGENy,CRSsNP_3|CRSsNP|Ethmoid|Serous_glandular,MAPK,0.30353369012687503,GSE235711,CRSsNP_3,CRSsNP,Ethmoid,Serous_glandular,875
PROGENy,CRSsNP_4|CRSsNP|Ethmoid|Serous_glandular,MAPK,1.1293289424416488,GSE235711,CRSsNP_4,CRSsNP,Ethmoid,Serous_glandular,1945
PROGENy,CRSsNP_5|CRSsNP|Ethmoid|Serous_glandular,MAPK,-1.2895009831254758,GSE235711,CRSsNP_5,CRSsNP,Ethmoid,Serous_glandular,53
PROGENy,CRSwNP_1|CRSwNP|Ethmoid|Serous_glandular,MAPK,3.5679237047060663,GSE235711,CRSwNP_1,CRSwNP,Ethmoid,Serous_glandular,105
PROGENy,CRSwNP_2|CRSwNP|Ethmoid|Serous_glandular,MAPK,-1.2349817918786878,GSE235711,CRSwNP_2,CRSwNP,Ethmoid,Serous_glandular,68
PROGENy,CRSwNP_3|CRSwNP|Ethmoid|Serous_glandular,MAPK,-0.02858493004520761,GSE235711,CRSwNP_3,CRSwNP,Ethmoid,Serous_glandular,490
PROGENy,CRSwNP_6|CRSwNP|Ethmoid|Serous_glandular,MAPK,2.1869572510028132,GSE235711,CRSwNP_6,CRSwNP,Ethmoid,Serous_glandular,129
PROGENy,CRSwNP_1|CRSwNP|Nasal_polyp|Serous_glandular,MAPK,4.8674740959410885,GSE235711,CRSwNP_1,CRSwNP,Nasal_polyp,Serous_glandular,216
PROGENy,CRSwNP_2|CRSwNP|Nasal_polyp|Serous_glandular,MAPK,1.632178078643849,GSE235711,CRSwNP_2,CRSwNP,Nasal_polyp,Serous_glandular,378
PROGENy,CRSwNP_3|CRSwNP|Nasal_polyp|Serous_glandular,MAPK,2.0615548059857383,GSE235711,CRSwNP_3,CRSwNP,Nasal_polyp,Serous_glandular,2327
PROGENy,CRSwNP_4|CRSwNP|Nasal_polyp|Serous_glandular,MAPK,4.293817179864918,GSE235711,CRSwNP_4,CRSwNP,Nasal_polyp,Serous_glandular,427
PROGENy,CRSwNP_5|CRSwNP|Nasal_polyp|Serous_glandular,MAPK,-0.9563573789907442,GSE235711,CRSwNP_5,CRSwNP,Nasal_polyp,Serous_glandular,339
PROGENy,CRSwNP_6|CRSwNP|Nasal_polyp|Serous_glandular,MAPK,5.061989457825369,GSE235711,CRSwNP_6,CRSwNP,Nasal_polyp,Serous_glandular,64
PROGENy,HC_1|Healthy|Ethmoid|Serous_glandular,NFkB,-5.631371212707331,GSE235711,HC_1,Healthy,Ethmoid,Serous_glandular,1847
PROGENy,HC_2|Healthy|Ethmoid|Serous_glandular,NFkB,-9.762695300783836,GSE235711,HC_2,Healthy,Ethmoid,Serous_glandular,792
PROGENy,HC_3|Healthy|Ethmoid|Serous_glandular,NFkB,-4.17857451488671,GSE235711,HC_3,Healthy,Ethmoid,Serous_glandular,680
PROGENy,HC_4|Healthy|Ethmoid|Serous_glandular,NFkB,-4.862886188120935,GSE235711,HC_4,Healthy,Ethmoid,Serous_glandular,816
PROGENy,HC_5|Healthy|Ethmoid|Serous_glandular,NFkB,-0.022359554013422347,GSE235711,HC_5,Healthy,Ethmoid,Serous_glandular,242
PROGENy,CRSsNP_1|CRSsNP|Ethmoid|Serous_glandular,NFkB,-6.369701677531709,GSE235711,CRSsNP_1,CRSsNP,Ethmoid,Serous_glandular,2785
PROGENy,CRSsNP_2|CRSsNP|Ethmoid|Serous_glandular,NFkB,-8.5428754203321,GSE235711,CRSsNP_2,CRSsNP,Ethmoid,Serous_glandular,596
PROGENy,CRSsNP_3|CRSsNP|Ethmoid|Serous_glandular,NFkB,9.146211723896814,GSE235711,CRSsNP_3,CRSsNP,Ethmoid,Serous_glandular,875
PROGENy,CRSsNP_4|CRSsNP|Ethmoid|Serous_glandular,NFkB,6.871422382229275,GSE235711,CRSsNP_4,CRSsNP,Ethmoid,Serous_glandular,1945
PROGENy,CRSsNP_5|CRSsNP|Ethmoid|Serous_glandular,NFkB,6.077183979767841,GSE235711,CRSsNP_5,CRSsNP,Ethmoid,Serous_glandular,53
PROGENy,CRSwNP_1|CRSwNP|Ethmoid|Serous_glandular,NFkB,-3.5899757034737796,GSE235711,CRSwNP_1,CRSwNP,Ethmoid,Serous_glandular,105
PROGENy,CRSwNP_2|CRSwNP|Ethmoid|Serous_glandular,NFkB,-3.8999505148105382,GSE235711,CRSwNP_2,CRSwNP,Ethmoid,Serous_glandular,68
PROGENy,CRSwNP_3|CRSwNP|Ethmoid|Serous_glandular,NFkB,1.9976899673465696,GSE235711,CRSwNP_3,CRSwNP,Ethmoid,Serous_glandular,490
PROGENy,CRSwNP_6|CRSwNP|Ethmoid|Serous_glandular,NFkB,0.9196353332223685,GSE235711,CRSwNP_6,CRSwNP,Ethmoid,Serous_glandular,129
PROGENy,CRSwNP_1|CRSwNP|Nasal_polyp|Serous_glandular,NFkB,3.87809475349285,GSE235711,CRSwNP_1,CRSwNP,Nasal_polyp,Serous_glandular,216
PROGENy,CRSwNP_2|CRSwNP|Nasal_polyp|Serous_glandular,NFkB,2.22806931745166,GSE235711,CRSwNP_2,CRSwNP,Nasal_polyp,Serous_glandular,378
PROGENy,CRSwNP_3|CRSwNP|Nasal_polyp|Serous_glandular,NFkB,2.9932310717839203,GSE235711,CRSwNP_3,CRSwNP,Nasal_polyp,Serous_glandular,2327
PROGENy,CRSwNP_4|CRSwNP|Nasal_polyp|Serous_glandular,NFkB,11.471287911972212,GSE235711,CRSwNP_4,CRSwNP,Nasal_polyp,Serous_glandular,427
PROGENy,CRSwNP_5|CRSwNP|Nasal_polyp|Serous_glandular,NFkB,0.6388244775049042,GSE235711,CRSwNP_5,CRSwNP,Nasal_polyp,Serous_glandular,339
PROGENy,CRSwNP_6|CRSwNP|Nasal_polyp|Serous_glandular,NFkB,0.6387391679919051,GSE235711,CRSwNP_6,CRSwNP,Nasal_polyp,Serous_glandular,64
PROGENy,HC_1|Healthy|Ethmoid|Serous_glandular,PI3K,-0.24451147485183458,GSE235711,HC_1,Healthy,Ethmoid,Serous_glandular,1847
PROGENy,HC_2|Healthy|Ethmoid|Serous_glandular,PI3K,-3.9174299122290543,GSE235711,HC_2,Healthy,Ethmoid,Serous_glandular,792
PROGENy,HC_3|Healthy|Ethmoid|Serous_glandular,PI3K,-4.469571809270807,GSE235711,HC_3,Healthy,Ethmoid,Serous_glandular,680
PROGENy,HC_4|Healthy|Ethmoid|Serous_glandular,PI3K,0.4611437440267045,GSE235711,HC_4,Healthy,Ethmoid,Serous_glandular,816
PROGENy,HC_5|Healthy|Ethmoid|Serous_glandular,PI3K,-3.6182884242570195,GSE235711,HC_5,Healthy,Ethmoid,Serous_glandular,242
PROGENy,CRSsNP_1|CRSsNP|Ethmoid|Serous_glandular,PI3K,-1.1963552851788386,GSE235711,CRSsNP_1,CRSsNP,Ethmoid,Serous_glandular,2785
PROGENy,CRSsNP_2|CRSsNP|Ethmoid|Serous_glandular,PI3K,-4.9491803444790765,GSE235711,CRSsNP_2,CRSsNP,Ethmoid,Serous_glandular,596
PROGENy,CRSsNP_3|CRSsNP|Ethmoid|Serous_glandular,PI3K,0.32019743429884034,GSE235711,CRSsNP_3,CRSsNP,Ethmoid,Serous_glandular,875
PROGENy,CRSsNP_4|CRSsNP|Ethmoid|Serous_glandular,PI3K,-3.7661806080786384,GSE235711,CRSsNP_4,CRSsNP,Ethmoid,Serous_glandular,1945
PROGENy,CRSsNP_5|CRSsNP|Ethmoid|Serous_glandular,PI3K,-0.05524735213812223,GSE235711,CRSsNP_5,CRSsNP,Ethmoid,Serous_glandular,53
PROGENy,CRSwNP_1|CRSwNP|Ethmoid|Serous_glandular,PI3K,16.31818231247689,GSE235711,CRSwNP_1,CRSwNP,Ethmoid,Serous_glandular,105
PROGENy,CRSwNP_2|CRSwNP|Ethmoid|Serous_glandular,PI3K,1.5760216579880373,GSE235711,CRSwNP_2,CRSwNP,Ethmoid,Serous_glandular,68
PROGENy,CRSwNP_3|CRSwNP|Ethmoid|Serous_glandular,PI3K,4.13110448103263,GSE235711,CRSwNP_3,CRSwNP,Ethmoid,Serous_glandular,490
PROGENy,CRSwNP_6|CRSwNP|Ethmoid|Serous_glandular,PI3K,1.3407752866813971,GSE235711,CRSwNP_6,CRSwNP,Ethmoid,Serous_glandular,129
PROGENy,CRSwNP_1|CRSwNP|Nasal_polyp|Serous_glandular,PI3K,1.1385654017943228,GSE235711,CRSwNP_1,CRSwNP,Nasal_polyp,Serous_glandular,216
PROGENy,CRSwNP_2|CRSwNP|Nasal_polyp|Serous_glandular,PI3K,-0.906406847761088,GSE235711,CRSwNP_2,CRSwNP,Nasal_polyp,Serous_glandular,378
PROGENy,CRSwNP_3|CRSwNP|Nasal_polyp|Serous_glandular,PI3K,-3.9238173907324163,GSE235711,CRSwNP_3,CRSwNP,Nasal_polyp,Serous_glandular,2327
PROGENy,CRSwNP_4|CRSwNP|Nasal_polyp|Serous_glandular,PI3K,2.9748171115999336,GSE235711,CRSwNP_4,CRSwNP,Nasal_polyp,Serous_glandular,427
PROGENy,CRSwNP_5|CRSwNP|Nasal_polyp|Serous_glandular,PI3K,-0.7114191735386801,GSE235711,CRSwNP_5,CRSwNP,Nasal_polyp,Serous_glandular,339
PROGENy,CRSwNP_6|CRSwNP|Nasal_polyp|Serous_glandular,PI3K,-0.5023988073832004,GSE235711,CRSwNP_6,CRSwNP,Nasal_polyp,Serous_glandular,64
PROGENy,HC_1|Healthy|Ethmoid|Serous_glandular,TGFb,-2.6820777764001975,GSE235711,HC_1,Healthy,Ethmoid,Serous_glandular,1847
PROGENy,HC_2|Healthy|Ethmoid|Serous_glandular,TGFb,-3.7795369233572447,GSE235711,HC_2,Healthy,Ethmoid,Serous_glandular,792
PROGENy,HC_3|Healthy|Ethmoid|Serous_glandular,TGFb,-1.250340552998552,GSE235711,HC_3,Healthy,Ethmoid,Serous_glandular,680
PROGENy,HC_4|Healthy|Ethmoid|Serous_glandular,TGFb,-1.9366070010199654,GSE235711,HC_4,Healthy,Ethmoid,Serous_glandular,816
PROGENy,HC_5|Healthy|Ethmoid|Serous_glandular,TGFb,0.170869379087273,GSE235711,HC_5,Healthy,Ethmoid,Serous_glandular,242
PROGENy,CRSsNP_1|CRSsNP|Ethmoid|Serous_glandular,TGFb,0.15832619945902654,GSE235711,CRSsNP_1,CRSsNP,Ethmoid,Serous_glandular,2785
PROGENy,CRSsNP_2|CRSsNP|Ethmoid|Serous_glandular,TGFb,-1.197549594355705,GSE235711,CRSsNP_2,CRSsNP,Ethmoid,Serous_glandular,596
PROGENy,CRSsNP_3|CRSsNP|Ethmoid|Serous_glandular,TGFb,-0.7536736680359032,GSE235711,CRSsNP_3,CRSsNP,Ethmoid,Serous_glandular,875
PROGENy,CRSsNP_4|CRSsNP|Ethmoid|Serous_glandular,TGFb,2.6068391147610463,GSE235711,CRSsNP_4,CRSsNP,Ethmoid,Serous_glandular,1945
PROGENy,CRSsNP_5|CRSsNP|Ethmoid|Serous_glandular,TGFb,-1.59954705408422,GSE235711,CRSsNP_5,CRSsNP,Ethmoid,Serous_glandular,53
PROGENy,CRSwNP_1|CRSwNP|Ethmoid|Serous_glandular,TGFb,-6.037024012259717,GSE235711,CRSwNP_1,CRSwNP,Ethmoid,Serous_glandular,105
PROGENy,CRSwNP_2|CRSwNP|Ethmoid|Serous_glandular,TGFb,1.1102309262254453,GSE235711,CRSwNP_2,CRSwNP,Ethmoid,Serous_glandular,68
PROGENy,CRSwNP_3|CRSwNP|Ethmoid|Serous_glandular,TGFb,1.8342390675852707,GSE235711,CRSwNP_3,CRSwNP,Ethmoid,Serous_glandular,490
PROGENy,CRSwNP_6|CRSwNP|Ethmoid|Serous_glandular,TGFb,-0.17478430984754834,GSE235711,CRSwNP_6,CRSwNP,Ethmoid,Serous_glandular,129
PROGENy,CRSwNP_1|CRSwNP|Nasal_polyp|Serous_glandular,TGFb,4.279949079261041,GSE235711,CRSwNP_1,CRSwNP,Nasal_polyp,Serous_glandular,216
PROGENy,CRSwNP_2|CRSwNP|Nasal_polyp|Serous_glandular,TGFb,0.8194286194960182,GSE235711,CRSwNP_2,CRSwNP,Nasal_polyp,Serous_glandular,378
PROGENy,CRSwNP_3|CRSwNP|Nasal_polyp|Serous_glandular,TGFb,4.8665060873927795,GSE235711,CRSwNP_3,CRSwNP,Nasal_polyp,Serous_glandular,2327
PROGENy,CRSwNP_4|CRSwNP|Nasal_polyp|Serous_glandular,TGFb,2.373725928602323,GSE235711,CRSwNP_4,CRSwNP,Nasal_polyp,Serous_glandular,427
PROGENy,CRSwNP_5|CRSwNP|Nasal_polyp|Serous_glandular,TGFb,2.959055123621936,GSE235711,CRSwNP_5,CRSwNP,Nasal_polyp,Serous_glandular,339
PROGENy,CRSwNP_6|CRSwNP|Nasal_polyp|Serous_glandular,TGFb,-1.7680286331331319,GSE235711,CRSwNP_6,CRSwNP,Nasal_polyp,Serous_glandular,64
PROGENy,HC_1|Healthy|Ethmoid|Serous_glandular,TNFa,-4.828944459192508,GSE235711,HC_1,Healthy,Ethmoid,Serous_glandular,1847
PROGENy,HC_2|Healthy|Ethmoid|Serous_glandular,TNFa,-8.980060517385045,GSE235711,HC_2,Healthy,Ethmoid,Serous_glandular,792
PROGENy,HC_3|Healthy|Ethmoid|Serous_glandular,TNFa,-3.4009662843889297,GSE235711,HC_3,Healthy,Ethmoid,Serous_glandular,680
PROGENy,HC_4|Healthy|Ethmoid|Serous_glandular,TNFa,-5.006449248978081,GSE235711,HC_4,Healthy,Ethmoid,Serous_glandular,816
PROGENy,HC_5|Healthy|Ethmoid|Serous_glandular,TNFa,-0.8309434028415899,GSE235711,HC_5,Healthy,Ethmoid,Serous_glandular,242
PROGENy,CRSsNP_1|CRSsNP|Ethmoid|Serous_glandular,TNFa,-6.620259935161468,GSE235711,CRSsNP_1,CRSsNP,Ethmoid,Serous_glandular,2785
PROGENy,CRSsNP_2|CRSsNP|Ethmoid|Serous_glandular,TNFa,-7.953665022644778,GSE235711,CRSsNP_2,CRSsNP,Ethmoid,Serous_glandular,596
PROGENy,CRSsNP_3|CRSsNP|Ethmoid|Serous_glandular,TNFa,8.22012719262999,GSE235711,CRSsNP_3,CRSsNP,Ethmoid,Serous_glandular,875
PROGENy,CRSsNP_4|CRSsNP|Ethmoid|Serous_glandular,TNFa,6.7289303603349655,GSE235711,CRSsNP_4,CRSsNP,Ethmoid,Serous_glandular,1945
PROGENy,CRSsNP_5|CRSsNP|Ethmoid|Serous_glandular,TNFa,6.6253481197317985,GSE235711,CRSsNP_5,CRSsNP,Ethmoid,Serous_glandular,53
PROGENy,CRSwNP_1|CRSwNP|Ethmoid|Serous_glandular,TNFa,-4.604975658187068,GSE235711,CRSwNP_1,CRSwNP,Ethmoid,Serous_glandular,105
PROGENy,CRSwNP_2|CRSwNP|Ethmoid|Serous_glandular,TNFa,-3.7465150621649452,GSE235711,CRSwNP_2,CRSwNP,Ethmoid,Serous_glandular,68
PROGENy,CRSwNP_3|CRSwNP|Ethmoid|Serous_glandular,TNFa,1.3656474955309026,GSE235711,CRSwNP_3,CRSwNP,Ethmoid,Serous_glandular,490
PROGENy,CRSwNP_6|CRSwNP|Ethmoid|Serous_glandular,TNFa,0.2683243630859535,GSE235711,CRSwNP_6,CRSwNP,Ethmoid,Serous_glandular,129
PROGENy,CRSwNP_1|CRSwNP|Nasal_polyp|Serous_glandular,TNFa,3.886903229138652,GSE235711,CRSwNP_1,CRSwNP,Nasal_polyp,Serous_glandular,216
PROGENy,CRSwNP_2|CRSwNP|Nasal_polyp|Serous_glandular,TNFa,2.6111715429633193,GSE235711,CRSwNP_2,CRSwNP,Nasal_polyp,Serous_glandular,378
PROGENy,CRSwNP_3|CRSwNP|Nasal_polyp|Serous_glandular,TNFa,2.36586457852634,GSE235711,CRSwNP_3,CRSwNP,Nasal_polyp,Serous_glandular,2327
PROGENy,CRSwNP_4|CRSwNP|Nasal_polyp|Serous_glandular,TNFa,11.023310075633605,GSE235711,CRSwNP_4,CRSwNP,Nasal_polyp,Serous_glandular,427
PROGENy,CRSwNP_5|CRSwNP|Nasal_polyp|Serous_glandular,TNFa,1.5553160518596665,GSE235711,CRSwNP_5,CRSwNP,Nasal_polyp,Serous_glandular,339
PROGENy,CRSwNP_6|CRSwNP|Nasal_polyp|Serous_glandular,TNFa,1.321836581509195,GSE235711,CRSwNP_6,CRSwNP,Nasal_polyp,Serous_glandular,64
PROGENy,HC_1|Healthy|Ethmoid|Serous_glandular,Trail,0.431558296539374,GSE235711,HC_1,Healthy,Ethmoid,Serous_glandular,1847
PROGENy,HC_2|Healthy|Ethmoid|Serous_glandular,Trail,-0.8157599393657998,GSE235711,HC_2,Healthy,Ethmoid,Serous_glandular,792
PROGENy,HC_3|Healthy|Ethmoid|Serous_glandular,Trail,0.852203382164816,GSE235711,HC_3,Healthy,Ethmoid,Serous_glandular,680
PROGENy,HC_4|Healthy|Ethmoid|Serous_glandular,Trail,2.1877043906478697,GSE235711,HC_4,Healthy,Ethmoid,Serous_glandular,816
PROGENy,HC_5|Healthy|Ethmoid|Serous_glandular,Trail,1.8424643238004024,GSE235711,HC_5,Healthy,Ethmoid,Serous_glandular,242
PROGENy,CRSsNP_1|CRSsNP|Ethmoid|Serous_glandular,Trail,0.9541540671784332,GSE235711,CRSsNP_1,CRSsNP,Ethmoid,Serous_glandular,2785
PROGENy,CRSsNP_2|CRSsNP|Ethmoid|Serous_glandular,Trail,-0.11555817436378424,GSE235711,CRSsNP_2,CRSsNP,Ethmoid,Serous_glandular,596
PROGENy,CRSsNP_3|CRSsNP|Ethmoid|Serous_glandular,Trail,2.4733225932824467,GSE235711,CRSsNP_3,CRSsNP,Ethmoid,Serous_glandular,875
PROGENy,CRSsNP_4|CRSsNP|Ethmoid|Serous_glandular,Trail,0.22806852814142034,GSE235711,CRSsNP_4,CRSsNP,Ethmoid,Serous_glandular,1945
PROGENy,CRSsNP_5|CRSsNP|Ethmoid|Serous_glandular,Trail,-1.3764053726686574,GSE235711,CRSsNP_5,CRSsNP,Ethmoid,Serous_glandular,53
PROGENy,CRSwNP_1|CRSwNP|Ethmoid|Serous_glandular,Trail,0.8785222028054391,GSE235711,CRSwNP_1,CRSwNP,Ethmoid,Serous_glandular,105
PROGENy,CRSwNP_2|CRSwNP|Ethmoid|Serous_glandular,Trail,-0.7191968827086582,GSE235711,CRSwNP_2,CRSwNP,Ethmoid,Serous_glandular,68
PROGENy,CRSwNP_3|CRSwNP|Ethmoid|Serous_glandular,Trail,0.13602789552423183,GSE235711,CRSwNP_3,CRSwNP,Ethmoid,Serous_glandular,490
PROGENy,CRSwNP_6|CRSwNP|Ethmoid|Serous_glandular,Trail,-0.36188763760012843,GSE235711,CRSwNP_6,CRSwNP,Ethmoid,Serous_glandular,129
PROGENy,CRSwNP_1|CRSwNP|Nasal_polyp|Serous_glandular,Trail,-1.8490173612149858,GSE235711,CRSwNP_1,CRSwNP,Nasal_polyp,Serous_glandular,216
PROGENy,CRSwNP_2|CRSwNP|Nasal_polyp|Serous_glandular,Trail,-0.2700332077118114,GSE235711,CRSwNP_2,CRSwNP,Nasal_polyp,Serous_glandular,378
PROGENy,CRSwNP_3|CRSwNP|Nasal_polyp|Serous_glandular,Trail,-0.4658460489565638,GSE235711,CRSwNP_3,CRSwNP,Nasal_polyp,Serous_glandular,2327
PROGENy,CRSwNP_4|CRSwNP|Nasal_polyp|Serous_glandular,Trail,0.1414424062069961,GSE235711,CRSwNP_4,CRSwNP,Nasal_polyp,Serous_glandular,427
PROGENy,CRSwNP_5|CRSwNP|Nasal_polyp|Serous_glandular,Trail,-1.100278765462053,GSE235711,CRSwNP_5,CRSwNP,Nasal_polyp,Serous_glandular,339
PROGENy,CRSwNP_6|CRSwNP|Nasal_polyp|Serous_glandular,Trail,-3.051484696238997,GSE235711,CRSwNP_6,CRSwNP,Nasal_polyp,Serous_glandular,64
PROGENy,HC_1|Healthy|Ethmoid|Serous_glandular,VEGF,0.026609320988182677,GSE235711,HC_1,Healthy,Ethmoid,Serous_glandular,1847
PROGENy,HC_2|Healthy|Ethmoid|Serous_glandular,VEGF,-2.4791746189456445,GSE235711,HC_2,Healthy,Ethmoid,Serous_glandular,792
PROGENy,HC_3|Healthy|Ethmoid|Serous_glandular,VEGF,-0.798521504263226,GSE235711,HC_3,Healthy,Ethmoid,Serous_glandular,680
PROGENy,HC_4|Healthy|Ethmoid|Serous_glandular,VEGF,-2.3901444328283574,GSE235711,HC_4,Healthy,Ethmoid,Serous_glandular,816
PROGENy,HC_5|Healthy|Ethmoid|Serous_glandular,VEGF,-2.1856703894954514,GSE235711,HC_5,Healthy,Ethmoid,Serous_glandular,242
PROGENy,CRSsNP_1|CRSsNP|Ethmoid|Serous_glandular,VEGF,-1.0433829859724448,GSE235711,CRSsNP_1,CRSsNP,Ethmoid,Serous_glandular,2785
PROGENy,CRSsNP_2|CRSsNP|Ethmoid|Serous_glandular,VEGF,-2.2747312411410783,GSE235711,CRSsNP_2,CRSsNP,Ethmoid,Serous_glandular,596
PROGENy,CRSsNP_3|CRSsNP|Ethmoid|Serous_glandular,VEGF,1.205787530966872,GSE235711,CRSsNP_3,CRSsNP,Ethmoid,Serous_glandular,875
PROGENy,CRSsNP_4|CRSsNP|Ethmoid|Serous_glandular,VEGF,1.3951274281183046,GSE235711,CRSsNP_4,CRSsNP,Ethmoid,Serous_glandular,1945
PROGENy,CRSsNP_5|CRSsNP|Ethmoid|Serous_glandular,VEGF,0.2888102145153086,GSE235711,CRSsNP_5,CRSsNP,Ethmoid,Serous_glandular,53
PROGENy,CRSwNP_1|CRSwNP|Ethmoid|Serous_glandular,VEGF,-1.8949180730133874,GSE235711,CRSwNP_1,CRSwNP,Ethmoid,Serous_glandular,105
PROGENy,CRSwNP_2|CRSwNP|Ethmoid|Serous_glandular,VEGF,-1.2401170089195028,GSE235711,CRSwNP_2,CRSwNP,Ethmoid,Serous_glandular,68
PROGENy,CRSwNP_3|CRSwNP|Ethmoid|Serous_glandular,VEGF,-1.7433783694035068,GSE235711,CRSwNP_3,CRSwNP,Ethmoid,Serous_glandular,490
PROGENy,CRSwNP_6|CRSwNP|Ethmoid|Serous_glandular,VEGF,0.305571715079371,GSE235711,CRSwNP_6,CRSwNP,Ethmoid,Serous_glandular,129
PROGENy,CRSwNP_1|CRSwNP|Nasal_polyp|Serous_glandular,VEGF,2.3054964621266443,GSE235711,CRSwNP_1,CRSwNP,Nasal_polyp,Serous_glandular,216
PROGENy,CRSwNP_2|CRSwNP|Nasal_polyp|Serous_glandular,VEGF,0.23857078454079372,GSE235711,CRSwNP_2,CRSwNP,Nasal_polyp,Serous_glandular,378
PROGENy,CRSwNP_3|CRSwNP|Nasal_polyp|Serous_glandular,VEGF,-0.1724373824508706,GSE235711,CRSwNP_3,CRSwNP,Nasal_polyp,Serous_glandular,2327
PROGENy,CRSwNP_4|CRSwNP|Nasal_polyp|Serous_glandular,VEGF,2.5603965671242053,GSE235711,CRSwNP_4,CRSwNP,Nasal_polyp,Serous_glandular,427
PROGENy,CRSwNP_5|CRSwNP|Nasal_polyp|Serous_glandular,VEGF,3.2614377515549884,GSE235711,CRSwNP_5,CRSwNP,Nasal_polyp,Serous_glandular,339
PROGENy,CRSwNP_6|CRSwNP|Nasal_polyp|Serous_glandular,VEGF,4.634668231418802,GSE235711,CRSwNP_6,CRSwNP,Nasal_polyp,Serous_glandular,64
PROGENy,HC_1|Healthy|Ethmoid|Serous_glandular,WNT,-1.6529564082018098,GSE235711,HC_1,Healthy,Ethmoid,Serous_glandular,1847
PROGENy,HC_2|Healthy|Ethmoid|Serous_glandular,WNT,-0.8575169172987538,GSE235711,HC_2,Healthy,Ethmoid,Serous_glandular,792
PROGENy,HC_3|Healthy|Ethmoid|Serous_glandular,WNT,0.9671462944161502,GSE235711,HC_3,Healthy,Ethmoid,Serous_glandular,680
PROGENy,HC_4|Healthy|Ethmoid|Serous_glandular,WNT,-1.425319791557181,GSE235711,HC_4,Healthy,Ethmoid,Serous_glandular,816
PROGENy,HC_5|Healthy|Ethmoid|Serous_glandular,WNT,-0.11644460691765172,GSE235711,HC_5,Healthy,Ethmoid,Serous_glandular,242
PROGENy,CRSsNP_1|CRSsNP|Ethmoid|Serous_glandular,WNT,-0.8280351649513082,GSE235711,CRSsNP_1,CRSsNP,Ethmoid,Serous_glandular,2785
PROGENy,CRSsNP_2|CRSsNP|Ethmoid|Serous_glandular,WNT,-0.24555541106157777,GSE235711,CRSsNP_2,CRSsNP,Ethmoid,Serous_glandular,596
PROGENy,CRSsNP_3|CRSsNP|Ethmoid|Serous_glandular,WNT,2.04774906981212,GSE235711,CRSsNP_3,CRSsNP,Ethmoid,Serous_glandular,875
PROGENy,CRSsNP_4|CRSsNP|Ethmoid|Serous_glandular,WNT,1.4771537653257782,GSE235711,CRSsNP_4,CRSsNP,Ethmoid,Serous_glandular,1945
PROGENy,CRSsNP_5|CRSsNP|Ethmoid|Serous_glandular,WNT,-0.7845671519051238,GSE235711,CRSsNP_5,CRSsNP,Ethmoid,Serous_glandular,53
PROGENy,CRSwNP_1|CRSwNP|Ethmoid|Serous_glandular,WNT,-4.993156300725292,GSE235711,CRSwNP_1,CRSwNP,Ethmoid,Serous_glandular,105
PROGENy,CRSwNP_2|CRSwNP|Ethmoid|Serous_glandular,WNT,-1.2120134198671964,GSE235711,CRSwNP_2,CRSwNP,Ethmoid,Serous_glandular,68
PROGENy,CRSwNP_3|CRSwNP|Ethmoid|Serous_glandular,WNT,-0.8197261422805591,GSE235711,CRSwNP_3,CRSwNP,Ethmoid,Serous_glandular,490
PROGENy,CRSwNP_6|CRSwNP|Ethmoid|Serous_glandular,WNT,-1.6676852827831938,GSE235711,CRSwNP_6,CRSwNP,Ethmoid,Serous_glandular,129
PROGENy,CRSwNP_1|CRSwNP|Nasal_polyp|Serous_glandular,WNT,1.6673344950525362,GSE235711,CRSwNP_1,CRSwNP,Nasal_polyp,Serous_glandular,216
PROGENy,CRSwNP_2|CRSwNP|Nasal_polyp|Serous_glandular,WNT,1.3659388495198483,GSE235711,CRSwNP_2,CRSwNP,Nasal_polyp,Serous_glandular,378
PROGENy,CRSwNP_3|CRSwNP|Nasal_polyp|Serous_glandular,WNT,2.2023396129348356,GSE235711,CRSwNP_3,CRSwNP,Nasal_polyp,Serous_glandular,2327
PROGENy,CRSwNP_4|CRSwNP|Nasal_polyp|Serous_glandular,WNT,3.298657148138285,GSE235711,CRSwNP_4,CRSwNP,Nasal_polyp,Serous_glandular,427
PROGENy,CRSwNP_5|CRSwNP|Nasal_polyp|Serous_glandular,WNT,2.508026554921267,GSE235711,CRSwNP_5,CRSwNP,Nasal_polyp,Serous_glandular,339
PROGENy,CRSwNP_6|CRSwNP|Nasal_polyp|Serous_glandular,WNT,-0.9313691925711745,GSE235711,CRSwNP_6,CRSwNP,Nasal_polyp,Serous_glandular,64
PROGENy,HC_1|Healthy|Ethmoid|Serous_glandular,p53,2.356320690189136,GSE235711,HC_1,Healthy,Ethmoid,Serous_glandular,1847
PROGENy,HC_2|Healthy|Ethmoid|Serous_glandular,p53,-0.9258156405401015,GSE235711,HC_2,Healthy,Ethmoid,Serous_glandular,792
PROGENy,HC_3|Healthy|Ethmoid|Serous_glandular,p53,-0.1379139705444947,GSE235711,HC_3,Healthy,Ethmoid,Serous_glandular,680
PROGENy,HC_4|Healthy|Ethmoid|Serous_glandular,p53,0.6879359779830375,GSE235711,HC_4,Healthy,Ethmoid,Serous_glandular,816
PROGENy,HC_5|Healthy|Ethmoid|Serous_glandular,p53,2.5854715979320355,GSE235711,HC_5,Healthy,Ethmoid,Serous_glandular,242
PROGENy,CRSsNP_1|CRSsNP|Ethmoid|Serous_glandular,p53,0.32964101171448235,GSE235711,CRSsNP_1,CRSsNP,Ethmoid,Serous_glandular,2785
PROGENy,CRSsNP_2|CRSsNP|Ethmoid|Serous_glandular,p53,2.431968778604107,GSE235711,CRSsNP_2,CRSsNP,Ethmoid,Serous_glandular,596
PROGENy,CRSsNP_3|CRSsNP|Ethmoid|Serous_glandular,p53,-0.6177562081455992,GSE235711,CRSsNP_3,CRSsNP,Ethmoid,Serous_glandular,875
PROGENy,CRSsNP_4|CRSsNP|Ethmoid|Serous_glandular,p53,1.8607052373760546,GSE235711,CRSsNP_4,CRSsNP,Ethmoid,Serous_glandular,1945
PROGENy,CRSsNP_5|CRSsNP|Ethmoid|Serous_glandular,p53,0.37666783719835545,GSE235711,CRSsNP_5,CRSsNP,Ethmoid,Serous_glandular,53
PROGENy,CRSwNP_1|CRSwNP|Ethmoid|Serous_glandular,p53,-1.4075996350831372,GSE235711,CRSwNP_1,CRSwNP,Ethmoid,Serous_glandular,105
PROGENy,CRSwNP_2|CRSwNP|Ethmoid|Serous_glandular,p53,0.882760167585375,GSE235711,CRSwNP_2,CRSwNP,Ethmoid,Serous_glandular,68
PROGENy,CRSwNP_3|CRSwNP|Ethmoid|Serous_glandular,p53,-0.8912717283052082,GSE235711,CRSwNP_3,CRSwNP,Ethmoid,Serous_glandular,490
PROGENy,CRSwNP_6|CRSwNP|Ethmoid|Serous_glandular,p53,-2.5719646685879427,GSE235711,CRSwNP_6,CRSwNP,Ethmoid,Serous_glandular,129
PROGENy,CRSwNP_1|CRSwNP|Nasal_polyp|Serous_glandular,p53,2.608538177258202,GSE235711,CRSwNP_1,CRSwNP,Nasal_polyp,Serous_glandular,216
PROGENy,CRSwNP_2|CRSwNP|Nasal_polyp|Serous_glandular,p53,-1.616808604715754,GSE235711,CRSwNP_2,CRSwNP,Nasal_polyp,Serous_glandular,378
PROGENy,CRSwNP_3|CRSwNP|Nasal_polyp|Serous_glandular,p53,0.9373354242479736,GSE235711,CRSwNP_3,CRSwNP,Nasal_polyp,Serous_glandular,2327
PROGENy,CRSwNP_4|CRSwNP|Nasal_polyp|Serous_glandular,p53,-3.3863803947437496,GSE235711,CRSwNP_4,CRSwNP,Nasal_polyp,Serous_glandular,427
PROGENy,CRSwNP_5|CRSwNP|Nasal_polyp|Serous_glandular,p53,2.66366156323839,GSE235711,CRSwNP_5,CRSwNP,Nasal_polyp,Serous_glandular,339
PROGENy,CRSwNP_6|CRSwNP|Nasal_polyp|Serous_glandular,p53,-6.165495612661131,GSE235711,CRSwNP_6,CRSwNP,Nasal_polyp,Serous_glandular,64
PROGENy,HCIT01|Healthy|Inferior_turbinate|Serous_glandular,Androgen,-2.349328893246726,GSE276503,HCIT01,Healthy,Inferior_turbinate,Serous_glandular,2441
PROGENy,HCIT02|Healthy|Inferior_turbinate|Serous_glandular,Androgen,-3.587854507076663,GSE276503,HCIT02,Healthy,Inferior_turbinate,Serous_glandular,2070
PROGENy,CRSIT12|CRSwNP|Inferior_turbinate|Serous_glandular,Androgen,2.581271333705861,GSE276503,CRSIT12,CRSwNP,Inferior_turbinate,Serous_glandular,1298
PROGENy,CRSIT13|CRSwNP|Inferior_turbinate|Serous_glandular,Androgen,-1.9467104291316668,GSE276503,CRSIT13,CRSwNP,Inferior_turbinate,Serous_glandular,1087
PROGENy,CRSIT16|CRSwNP|Inferior_turbinate|Serous_glandular,Androgen,-4.8206814498996335,GSE276503,CRSIT16,CRSwNP,Inferior_turbinate,Serous_glandular,1114
PROGENy,CRSIT17|CRSwNP|Inferior_turbinate|Serous_glandular,Androgen,1.7469447817195105,GSE276503,CRSIT17,CRSwNP,Inferior_turbinate,Serous_glandular,1710
PROGENy,CRSIT18|CRSwNP|Inferior_turbinate|Serous_glandular,Androgen,1.0963300474600555,GSE276503,CRSIT18,CRSwNP,Inferior_turbinate,Serous_glandular,1490
PROGENy,CRSIT19|CRSwNP|Inferior_turbinate|Serous_glandular,Androgen,1.5618923580478132,GSE276503,CRSIT19,CRSwNP,Inferior_turbinate,Serous_glandular,986
PROGENy,CRSMT21|CRSwNP|Middle_turbinate|Serous_glandular,Androgen,-7.928898432191893,GSE276503,CRSMT21,CRSwNP,Middle_turbinate,Serous_glandular,3383
PROGENy,CRSMT23|CRSwNP|Middle_turbinate|Serous_glandular,Androgen,-0.9131379517884706,GSE276503,CRSMT23,CRSwNP,Middle_turbinate,Serous_glandular,192
PROGENy,CRSMT24|CRSwNP|Middle_turbinate|Serous_glandular,Androgen,-1.7656246243421132,GSE276503,CRSMT24,CRSwNP,Middle_turbinate,Serous_glandular,111
PROGENy,CRSMT25|CRSwNP|Middle_turbinate|Serous_glandular,Androgen,3.2837513406015213,GSE276503,CRSMT25,CRSwNP,Middle_turbinate,Serous_glandular,2557
PROGENy,CRSMT26|CRSwNP|Middle_turbinate|Serous_glandular,Androgen,3.3241533795766633,GSE276503,CRSMT26,CRSwNP,Middle_turbinate,Serous_glandular,2078
PROGENy,CRSMT27|CRSwNP|Middle_turbinate|Serous_glandular,Androgen,2.5243147501491143,GSE276503,CRSMT27,CRSwNP,Middle_turbinate,Serous_glandular,2002
PROGENy,CRSNP31|CRSwNP|Nasal_polyp|Serous_glandular,Androgen,-1.8219343211432892,GSE276503,CRSNP31,CRSwNP,Nasal_polyp,Serous_glandular,546
PROGENy,CRSNP32|CRSwNP|Nasal_polyp|Serous_glandular,Androgen,-3.5020512631954293,GSE276503,CRSNP32,CRSwNP,Nasal_polyp,Serous_glandular,436
PROGENy,CRSNP33|CRSwNP|Nasal_polyp|Serous_glandular,Androgen,2.369580988851626,GSE276503,CRSNP33,CRSwNP,Nasal_polyp,Serous_glandular,524
PROGENy,CRSNP34|CRSwNP|Nasal_polyp|Serous_glandular,Androgen,2.2073092844120374,GSE276503,CRSNP34,CRSwNP,Nasal_polyp,Serous_glandular,537
PROGENy,CRSNP35|CRSwNP|Nasal_polyp|Serous_glandular,Androgen,-1.2084379289027334,GSE276503,CRSNP35,CRSwNP,Nasal_polyp,Serous_glandular,252
PROGENy,CRSNP36|CRSwNP|Nasal_polyp|Serous_glandular,Androgen,1.0770603469504278,GSE276503,CRSNP36,CRSwNP,Nasal_polyp,Serous_glandular,253
PROGENy,CRSNP37|CRSwNP|Nasal_polyp|Serous_glandular,Androgen,1.4180087035384887,GSE276503,CRSNP37,CRSwNP,Nasal_polyp,Serous_glandular,551
PROGENy,CRSNP38|CRSwNP|Nasal_polyp|Serous_glandular,Androgen,0.8910392581839808,GSE276503,CRSNP38,CRSwNP,Nasal_polyp,Serous_glandular,810
PROGENy,CRSNP39|CRSwNP|Nasal_polyp|Serous_glandular,Androgen,1.2861374121535984,GSE276503,CRSNP39,CRSwNP,Nasal_polyp,Serous_glandular,113
PROGENy,CRSNP40|CRSwNP|Nasal_polyp|Serous_glandular,Androgen,-1.1918248295165415,GSE276503,CRSNP40,CRSwNP,Nasal_polyp,Serous_glandular,127
PROGENy,CRSNP41|CRSwNP|Nasal_polyp|Serous_glandular,Androgen,0.7547334566881653,GSE276503,CRSNP41,CRSwNP,Nasal_polyp,Serous_glandular,497
PROGENy,CRSNP42|CRSwNP|Nasal_polyp|Serous_glandular,Androgen,0.4466959959354371,GSE276503,CRSNP42,CRSwNP,Nasal_polyp,Serous_glandular,531
PROGENy,CRSNP43|CRSwNP|Nasal_polyp|Serous_glandular,Androgen,0.7875371923085467,GSE276503,CRSNP43,CRSwNP,Nasal_polyp,Serous_glandular,557
PROGENy,CRSNP44|CRSwNP|Nasal_polyp|Serous_glandular,Androgen,1.7265030821193166,GSE276503,CRSNP44,CRSwNP,Nasal_polyp,Serous_glandular,508
PROGENy,CRSNP45|CRSwNP|Nasal_polyp|Serous_glandular,Androgen,1.953220918032936,GSE276503,CRSNP45,CRSwNP,Nasal_polyp,Serous_glandular,537
PROGENy,HCIT01|Healthy|Inferior_turbinate|Serous_glandular,EGFR,-0.014647906658839875,GSE276503,HCIT01,Healthy,Inferior_turbinate,Serous_glandular,2441
PROGENy,HCIT02|Healthy|Inferior_turbinate|Serous_glandular,EGFR,0.6921523845766412,GSE276503,HCIT02,Healthy,Inferior_turbinate,Serous_glandular,2070
PROGENy,CRSIT12|CRSwNP|Inferior_turbinate|Serous_glandular,EGFR,0.30956309478578115,GSE276503,CRSIT12,CRSwNP,Inferior_turbinate,Serous_glandular,1298
PROGENy,CRSIT13|CRSwNP|Inferior_turbinate|Serous_glandular,EGFR,4.068276356077909,GSE276503,CRSIT13,CRSwNP,Inferior_turbinate,Serous_glandular,1087
PROGENy,CRSIT16|CRSwNP|Inferior_turbinate|Serous_glandular,EGFR,6.874171331443436,GSE276503,CRSIT16,CRSwNP,Inferior_turbinate,Serous_glandular,1114
PROGENy,CRSIT17|CRSwNP|Inferior_turbinate|Serous_glandular,EGFR,9.716821720932373,GSE276503,CRSIT17,CRSwNP,Inferior_turbinate,Serous_glandular,1710
PROGENy,CRSIT18|CRSwNP|Inferior_turbinate|Serous_glandular,EGFR,10.172990440214779,GSE276503,CRSIT18,CRSwNP,Inferior_turbinate,Serous_glandular,1490
PROGENy,CRSIT19|CRSwNP|Inferior_turbinate|Serous_glandular,EGFR,10.259190736390707,GSE276503,CRSIT19,CRSwNP,Inferior_turbinate,Serous_glandular,986
PROGENy,CRSMT21|CRSwNP|Middle_turbinate|Serous_glandular,EGFR,5.688221496067867,GSE276503,CRSMT21,CRSwNP,Middle_turbinate,Serous_glandular,3383
PROGENy,CRSMT23|CRSwNP|Middle_turbinate|Serous_glandular,EGFR,-0.7525027390561562,GSE276503,CRSMT23,CRSwNP,Middle_turbinate,Serous_glandular,192
PROGENy,CRSMT24|CRSwNP|Middle_turbinate|Serous_glandular,EGFR,1.0500248808548855,GSE276503,CRSMT24,CRSwNP,Middle_turbinate,Serous_glandular,111
PROGENy,CRSMT25|CRSwNP|Middle_turbinate|Serous_glandular,EGFR,3.3243092456580263,GSE276503,CRSMT25,CRSwNP,Middle_turbinate,Serous_glandular,2557
PROGENy,CRSMT26|CRSwNP|Middle_turbinate|Serous_glandular,EGFR,4.254009511252117,GSE276503,CRSMT26,CRSwNP,Middle_turbinate,Serous_glandular,2078
PROGENy,CRSMT27|CRSwNP|Middle_turbinate|Serous_glandular,EGFR,2.405584838851457,GSE276503,CRSMT27,CRSwNP,Middle_turbinate,Serous_glandular,2002
PROGENy,CRSNP31|CRSwNP|Nasal_polyp|Serous_glandular,EGFR,1.889526782238681,GSE276503,CRSNP31,CRSwNP,Nasal_polyp,Serous_glandular,546
PROGENy,CRSNP32|CRSwNP|Nasal_polyp|Serous_glandular,EGFR,1.2588133398734282,GSE276503,CRSNP32,CRSwNP,Nasal_polyp,Serous_glandular,436
PROGENy,CRSNP33|CRSwNP|Nasal_polyp|Serous_glandular,EGFR,-6.698357812355409,GSE276503,CRSNP33,CRSwNP,Nasal_polyp,Serous_glandular,524
PROGENy,CRSNP34|CRSwNP|Nasal_polyp|Serous_glandular,EGFR,-8.510542422411989,GSE276503,CRSNP34,CRSwNP,Nasal_polyp,Serous_glandular,537
PROGENy,CRSNP35|CRSwNP|Nasal_polyp|Serous_glandular,EGFR,-5.796831803060104,GSE276503,CRSNP35,CRSwNP,Nasal_polyp,Serous_glandular,252
PROGENy,CRSNP36|CRSwNP|Nasal_polyp|Serous_glandular,EGFR,-6.287792782561255,GSE276503,CRSNP36,CRSwNP,Nasal_polyp,Serous_glandular,253
PROGENy,CRSNP37|CRSwNP|Nasal_polyp|Serous_glandular,EGFR,-0.7773519178371971,GSE276503,CRSNP37,CRSwNP,Nasal_polyp,Serous_glandular,551
PROGENy,CRSNP38|CRSwNP|Nasal_polyp|Serous_glandular,EGFR,-1.217256519237453,GSE276503,CRSNP38,CRSwNP,Nasal_polyp,Serous_glandular,810
PROGENy,CRSNP39|CRSwNP|Nasal_polyp|Serous_glandular,EGFR,1.4980905865886978,GSE276503,CRSNP39,CRSwNP,Nasal_polyp,Serous_glandular,113
PROGENy,CRSNP40|CRSwNP|Nasal_polyp|Serous_glandular,EGFR,-0.32882355502058,GSE276503,CRSNP40,CRSwNP,Nasal_polyp,Serous_glandular,127
PROGENy,CRSNP41|CRSwNP|Nasal_polyp|Serous_glandular,EGFR,-8.339728298284134,GSE276503,CRSNP41,CRSwNP,Nasal_polyp,Serous_glandular,497
PROGENy,CRSNP42|CRSwNP|Nasal_polyp|Serous_glandular,EGFR,-8.374470574383885,GSE276503,CRSNP42,CRSwNP,Nasal_polyp,Serous_glandular,531
PROGENy,CRSNP43|CRSwNP|Nasal_polyp|Serous_glandular,EGFR,-4.67954674546508,GSE276503,CRSNP43,CRSwNP,Nasal_polyp,Serous_glandular,557
PROGENy,CRSNP44|CRSwNP|Nasal_polyp|Serous_glandular,EGFR,-5.616648052478087,GSE276503,CRSNP44,CRSwNP,Nasal_polyp,Serous_glandular,508
PROGENy,CRSNP45|CRSwNP|Nasal_polyp|Serous_glandular,EGFR,-6.067245616996649,GSE276503,CRSNP45,CRSwNP,Nasal_polyp,Serous_glandular,537
PROGENy,HCIT01|Healthy|Inferior_turbinate|Serous_glandular,Estrogen,2.751015529183365,GSE276503,HCIT01,Healthy,Inferior_turbinate,Serous_glandular,2441
PROGENy,HCIT02|Healthy|Inferior_turbinate|Serous_glandular,Estrogen,2.874456071467164,GSE276503,HCIT02,Healthy,Inferior_turbinate,Serous_glandular,2070
PROGENy,CRSIT12|CRSwNP|Inferior_turbinate|Serous_glandular,Estrogen,-0.06127386860460316,GSE276503,CRSIT12,CRSwNP,Inferior_turbinate,Serous_glandular,1298
PROGENy,CRSIT13|CRSwNP|Inferior_turbinate|Serous_glandular,Estrogen,1.1999069587414881,GSE276503,CRSIT13,CRSwNP,Inferior_turbinate,Serous_glandular,1087
PROGENy,CRSIT16|CRSwNP|Inferior_turbinate|Serous_glandular,Estrogen,0.5828068087824343,GSE276503,CRSIT16,CRSwNP,Inferior_turbinate,Serous_glandular,1114
PROGENy,CRSIT17|CRSwNP|Inferior_turbinate|Serous_glandular,Estrogen,4.169103771879369,GSE276503,CRSIT17,CRSwNP,Inferior_turbinate,Serous_glandular,1710
PROGENy,CRSIT18|CRSwNP|Inferior_turbinate|Serous_glandular,Estrogen,3.255634833337941,GSE276503,CRSIT18,CRSwNP,Inferior_turbinate,Serous_glandular,1490
PROGENy,CRSIT19|CRSwNP|Inferior_turbinate|Serous_glandular,Estrogen,3.193190118816606,GSE276503,CRSIT19,CRSwNP,Inferior_turbinate,Serous_glandular,986
PROGENy,CRSMT21|CRSwNP|Middle_turbinate|Serous_glandular,Estrogen,2.4807526033371543,GSE276503,CRSMT21,CRSwNP,Middle_turbinate,Serous_glandular,3383
PROGENy,CRSMT23|CRSwNP|Middle_turbinate|Serous_glandular,Estrogen,-0.6863190172045188,GSE276503,CRSMT23,CRSwNP,Middle_turbinate,Serous_glandular,192
PROGENy,CRSMT24|CRSwNP|Middle_turbinate|Serous_glandular,Estrogen,-0.8073672690629298,GSE276503,CRSMT24,CRSwNP,Middle_turbinate,Serous_glandular,111
PROGENy,CRSMT25|CRSwNP|Middle_turbinate|Serous_glandular,Estrogen,4.758510530200335,GSE276503,CRSMT25,CRSwNP,Middle_turbinate,Serous_glandular,2557
PROGENy,CRSMT26|CRSwNP|Middle_turbinate|Serous_glandular,Estrogen,4.6852412507608125,GSE276503,CRSMT26,CRSwNP,Middle_turbinate,Serous_glandular,2078
PROGENy,CRSMT27|CRSwNP|Middle_turbinate|Serous_glandular,Estrogen,3.356461764988652,GSE276503,CRSMT27,CRSwNP,Middle_turbinate,Serous_glandular,2002
PROGENy,CRSNP31|CRSwNP|Nasal_polyp|Serous_glandular,Estrogen,-1.835807805425447,GSE276503,CRSNP31,CRSwNP,Nasal_polyp,Serous_glandular,546
PROGENy,CRSNP32|CRSwNP|Nasal_polyp|Serous_glandular,Estrogen,-2.3617743399455264,GSE276503,CRSNP32,CRSwNP,Nasal_polyp,Serous_glandular,436
PROGENy,CRSNP33|CRSwNP|Nasal_polyp|Serous_glandular,Estrogen,-1.7176094193312348,GSE276503,CRSNP33,CRSwNP,Nasal_polyp,Serous_glandular,524
PROGENy,CRSNP34|CRSwNP|Nasal_polyp|Serous_glandular,Estrogen,-1.8146423965342218,GSE276503,CRSNP34,CRSwNP,Nasal_polyp,Serous_glandular,537
PROGENy,CRSNP35|CRSwNP|Nasal_polyp|Serous_glandular,Estrogen,-1.8754324494208043,GSE276503,CRSNP35,CRSwNP,Nasal_polyp,Serous_glandular,252
PROGENy,CRSNP36|CRSwNP|Nasal_polyp|Serous_glandular,Estrogen,-1.4071991661292411,GSE276503,CRSNP36,CRSwNP,Nasal_polyp,Serous_glandular,253
PROGENy,CRSNP37|CRSwNP|Nasal_polyp|Serous_glandular,Estrogen,-3.018379727273265,GSE276503,CRSNP37,CRSwNP,Nasal_polyp,Serous_glandular,551
PROGENy,CRSNP38|CRSwNP|Nasal_polyp|Serous_glandular,Estrogen,-3.385990282858462,GSE276503,CRSNP38,CRSwNP,Nasal_polyp,Serous_glandular,810
PROGENy,CRSNP39|CRSwNP|Nasal_polyp|Serous_glandular,Estrogen,-1.8811035687209592,GSE276503,CRSNP39,CRSwNP,Nasal_polyp,Serous_glandular,113
PROGENy,CRSNP40|CRSwNP|Nasal_polyp|Serous_glandular,Estrogen,-1.6884939340873948,GSE276503,CRSNP40,CRSwNP,Nasal_polyp,Serous_glandular,127
PROGENy,CRSNP41|CRSwNP|Nasal_polyp|Serous_glandular,Estrogen,-2.3819756903887526,GSE276503,CRSNP41,CRSwNP,Nasal_polyp,Serous_glandular,497
PROGENy,CRSNP42|CRSwNP|Nasal_polyp|Serous_glandular,Estrogen,-2.9653333757863987,GSE276503,CRSNP42,CRSwNP,Nasal_polyp,Serous_glandular,531
PROGENy,CRSNP43|CRSwNP|Nasal_polyp|Serous_glandular,Estrogen,-1.783279536037718,GSE276503,CRSNP43,CRSwNP,Nasal_polyp,Serous_glandular,557
PROGENy,CRSNP44|CRSwNP|Nasal_polyp|Serous_glandular,Estrogen,-1.3161551781259944,GSE276503,CRSNP44,CRSwNP,Nasal_polyp,Serous_glandular,508
PROGENy,CRSNP45|CRSwNP|Nasal_polyp|Serous_glandular,Estrogen,-2.3189432165577593,GSE276503,CRSNP45,CRSwNP,Nasal_polyp,Serous_glandular,537
PROGENy,HCIT01|Healthy|Inferior_turbinate|Serous_glandular,Hypoxia,-3.0501382493408156,GSE276503,HCIT01,Healthy,Inferior_turbinate,Serous_glandular,2441
PROGENy,HCIT02|Healthy|Inferior_turbinate|Serous_glandular,Hypoxia,-3.300458603072155,GSE276503,HCIT02,Healthy,Inferior_turbinate,Serous_glandular,2070
PROGENy,CRSIT12|CRSwNP|Inferior_turbinate|Serous_glandular,Hypoxia,-1.1337675508489193,GSE276503,CRSIT12,CRSwNP,Inferior_turbinate,Serous_glandular,1298
PROGENy,CRSIT13|CRSwNP|Inferior_turbinate|Serous_glandular,Hypoxia,-1.14830596291967,GSE276503,CRSIT13,CRSwNP,Inferior_turbinate,Serous_glandular,1087
PROGENy,CRSIT16|CRSwNP|Inferior_turbinate|Serous_glandular,Hypoxia,-1.9917718416973789,GSE276503,CRSIT16,CRSwNP,Inferior_turbinate,Serous_glandular,1114
PROGENy,CRSIT17|CRSwNP|Inferior_turbinate|Serous_glandular,Hypoxia,0.592453050243493,GSE276503,CRSIT17,CRSwNP,Inferior_turbinate,Serous_glandular,1710
PROGENy,CRSIT18|CRSwNP|Inferior_turbinate|Serous_glandular,Hypoxia,0.6561104283591086,GSE276503,CRSIT18,CRSwNP,Inferior_turbinate,Serous_glandular,1490
PROGENy,CRSIT19|CRSwNP|Inferior_turbinate|Serous_glandular,Hypoxia,0.9570459707187366,GSE276503,CRSIT19,CRSwNP,Inferior_turbinate,Serous_glandular,986
PROGENy,CRSMT21|CRSwNP|Middle_turbinate|Serous_glandular,Hypoxia,-3.7238574934129076,GSE276503,CRSMT21,CRSwNP,Middle_turbinate,Serous_glandular,3383
PROGENy,CRSMT23|CRSwNP|Middle_turbinate|Serous_glandular,Hypoxia,-0.1866078552867293,GSE276503,CRSMT23,CRSwNP,Middle_turbinate,Serous_glandular,192
PROGENy,CRSMT24|CRSwNP|Middle_turbinate|Serous_glandular,Hypoxia,1.9191682700405277,GSE276503,CRSMT24,CRSwNP,Middle_turbinate,Serous_glandular,111
PROGENy,CRSMT25|CRSwNP|Middle_turbinate|Serous_glandular,Hypoxia,1.4109203898527933,GSE276503,CRSMT25,CRSwNP,Middle_turbinate,Serous_glandular,2557
PROGENy,CRSMT26|CRSwNP|Middle_turbinate|Serous_glandular,Hypoxia,1.274381717027139,GSE276503,CRSMT26,CRSwNP,Middle_turbinate,Serous_glandular,2078
PROGENy,CRSMT27|CRSwNP|Middle_turbinate|Serous_glandular,Hypoxia,2.0944196154991217,GSE276503,CRSMT27,CRSwNP,Middle_turbinate,Serous_glandular,2002
PROGENy,CRSNP31|CRSwNP|Nasal_polyp|Serous_glandular,Hypoxia,4.1073553628943165,GSE276503,CRSNP31,CRSwNP,Nasal_polyp,Serous_glandular,546
PROGENy,CRSNP32|CRSwNP|Nasal_polyp|Serous_glandular,Hypoxia,2.004002744084325,GSE276503,CRSNP32,CRSwNP,Nasal_polyp,Serous_glandular,436
PROGENy,CRSNP33|CRSwNP|Nasal_polyp|Serous_glandular,Hypoxia,2.137107751394683,GSE276503,CRSNP33,CRSwNP,Nasal_polyp,Serous_glandular,524
PROGENy,CRSNP34|CRSwNP|Nasal_polyp|Serous_glandular,Hypoxia,2.768362536648407,GSE276503,CRSNP34,CRSwNP,Nasal_polyp,Serous_glandular,537
PROGENy,CRSNP35|CRSwNP|Nasal_polyp|Serous_glandular,Hypoxia,-2.490293513014012,GSE276503,CRSNP35,CRSwNP,Nasal_polyp,Serous_glandular,252
PROGENy,CRSNP36|CRSwNP|Nasal_polyp|Serous_glandular,Hypoxia,-0.40875510540101134,GSE276503,CRSNP36,CRSwNP,Nasal_polyp,Serous_glandular,253
PROGENy,CRSNP37|CRSwNP|Nasal_polyp|Serous_glandular,Hypoxia,2.2018759430540404,GSE276503,CRSNP37,CRSwNP,Nasal_polyp,Serous_glandular,551
PROGENy,CRSNP38|CRSwNP|Nasal_polyp|Serous_glandular,Hypoxia,0.005722422452366514,GSE276503,CRSNP38,CRSwNP,Nasal_polyp,Serous_glandular,810
PROGENy,CRSNP39|CRSwNP|Nasal_polyp|Serous_glandular,Hypoxia,-0.889452154472773,GSE276503,CRSNP39,CRSwNP,Nasal_polyp,Serous_glandular,113
PROGENy,CRSNP40|CRSwNP|Nasal_polyp|Serous_glandular,Hypoxia,0.4471776244824696,GSE276503,CRSNP40,CRSwNP,Nasal_polyp,Serous_glandular,127
PROGENy,CRSNP41|CRSwNP|Nasal_polyp|Serous_glandular,Hypoxia,-1.5523565205069367,GSE276503,CRSNP41,CRSwNP,Nasal_polyp,Serous_glandular,497
PROGENy,CRSNP42|CRSwNP|Nasal_polyp|Serous_glandular,Hypoxia,-1.2502673127100912,GSE276503,CRSNP42,CRSwNP,Nasal_polyp,Serous_glandular,531
PROGENy,CRSNP43|CRSwNP|Nasal_polyp|Serous_glandular,Hypoxia,-0.6799574676501678,GSE276503,CRSNP43,CRSwNP,Nasal_polyp,Serous_glandular,557
PROGENy,CRSNP44|CRSwNP|Nasal_polyp|Serous_glandular,Hypoxia,-0.42666322361666165,GSE276503,CRSNP44,CRSwNP,Nasal_polyp,Serous_glandular,508
PROGENy,CRSNP45|CRSwNP|Nasal_polyp|Serous_glandular,Hypoxia,-0.34345097280128173,GSE276503,CRSNP45,CRSwNP,Nasal_polyp,Serous_glandular,537
PROGENy,HCIT01|Healthy|Inferior_turbinate|Serous_glandular,JAK-STAT,-8.141807561553346,GSE276503,HCIT01,Healthy,Inferior_turbinate,Serous_glandular,2441
PROGENy,HCIT02|Healthy|Inferior_turbinate|Serous_glandular,JAK-STAT,-10.361283418544033,GSE276503,HCIT02,Healthy,Inferior_turbinate,Serous_glandular,2070
PROGENy,CRSIT12|CRSwNP|Inferior_turbinate|Serous_glandular,JAK-STAT,-2.1833839603657035,GSE276503,CRSIT12,CRSwNP,Inferior_turbinate,Serous_glandular,1298
PROGENy,CRSIT13|CRSwNP|Inferior_turbinate|Serous_glandular,JAK-STAT,3.539409826397709,GSE276503,CRSIT13,CRSwNP,Inferior_turbinate,Serous_glandular,1087
PROGENy,CRSIT16|CRSwNP|Inferior_turbinate|Serous_glandular,JAK-STAT,-11.931569123995388,GSE276503,CRSIT16,CRSwNP,Inferior_turbinate,Serous_glandular,1114
PROGENy,CRSIT17|CRSwNP|Inferior_turbinate|Serous_glandular,JAK-STAT,4.396603018024987,GSE276503,CRSIT17,CRSwNP,Inferior_turbinate,Serous_glandular,1710
PROGENy,CRSIT18|CRSwNP|Inferior_turbinate|Serous_glandular,JAK-STAT,4.377457997961837,GSE276503,CRSIT18,CRSwNP,Inferior_turbinate,Serous_glandular,1490
PROGENy,CRSIT19|CRSwNP|Inferior_turbinate|Serous_glandular,JAK-STAT,3.0795204252919897,GSE276503,CRSIT19,CRSwNP,Inferior_turbinate,Serous_glandular,986
PROGENy,CRSMT21|CRSwNP|Middle_turbinate|Serous_glandular,JAK-STAT,-14.912863914309098,GSE276503,CRSMT21,CRSwNP,Middle_turbinate,Serous_glandular,3383
PROGENy,CRSMT23|CRSwNP|Middle_turbinate|Serous_glandular,JAK-STAT,-6.995319775002704,GSE276503,CRSMT23,CRSwNP,Middle_turbinate,Serous_glandular,192
PROGENy,CRSMT24|CRSwNP|Middle_turbinate|Serous_glandular,JAK-STAT,-5.8524501290993465,GSE276503,CRSMT24,CRSwNP,Middle_turbinate,Serous_glandular,111
PROGENy,CRSMT25|CRSwNP|Middle_turbinate|Serous_glandular,JAK-STAT,6.337027353378139,GSE276503,CRSMT25,CRSwNP,Middle_turbinate,Serous_glandular,2557
PROGENy,CRSMT26|CRSwNP|Middle_turbinate|Serous_glandular,JAK-STAT,5.937952013155315,GSE276503,CRSMT26,CRSwNP,Middle_turbinate,Serous_glandular,2078
PROGENy,CRSMT27|CRSwNP|Middle_turbinate|Serous_glandular,JAK-STAT,6.660742751710756,GSE276503,CRSMT27,CRSwNP,Middle_turbinate,Serous_glandular,2002
PROGENy,CRSNP31|CRSwNP|Nasal_polyp|Serous_glandular,JAK-STAT,-1.7474163918104966,GSE276503,CRSNP31,CRSwNP,Nasal_polyp,Serous_glandular,546
PROGENy,CRSNP32|CRSwNP|Nasal_polyp|Serous_glandular,JAK-STAT,-3.3775367338013527,GSE276503,CRSNP32,CRSwNP,Nasal_polyp,Serous_glandular,436
PROGENy,CRSNP33|CRSwNP|Nasal_polyp|Serous_glandular,JAK-STAT,-0.20774515788112582,GSE276503,CRSNP33,CRSwNP,Nasal_polyp,Serous_glandular,524
PROGENy,CRSNP34|CRSwNP|Nasal_polyp|Serous_glandular,JAK-STAT,-0.16114995146373595,GSE276503,CRSNP34,CRSwNP,Nasal_polyp,Serous_glandular,537
PROGENy,CRSNP35|CRSwNP|Nasal_polyp|Serous_glandular,JAK-STAT,1.1570558464110932,GSE276503,CRSNP35,CRSwNP,Nasal_polyp,Serous_glandular,252
PROGENy,CRSNP36|CRSwNP|Nasal_polyp|Serous_glandular,JAK-STAT,1.0041079973094553,GSE276503,CRSNP36,CRSwNP,Nasal_polyp,Serous_glandular,253
PROGENy,CRSNP37|CRSwNP|Nasal_polyp|Serous_glandular,JAK-STAT,-1.567738637426772,GSE276503,CRSNP37,CRSwNP,Nasal_polyp,Serous_glandular,551
PROGENy,CRSNP38|CRSwNP|Nasal_polyp|Serous_glandular,JAK-STAT,-1.9825271741148027,GSE276503,CRSNP38,CRSwNP,Nasal_polyp,Serous_glandular,810
PROGENy,CRSNP39|CRSwNP|Nasal_polyp|Serous_glandular,JAK-STAT,-4.66880620980572,GSE276503,CRSNP39,CRSwNP,Nasal_polyp,Serous_glandular,113
PROGENy,CRSNP40|CRSwNP|Nasal_polyp|Serous_glandular,JAK-STAT,-5.117945817523802,GSE276503,CRSNP40,CRSwNP,Nasal_polyp,Serous_glandular,127
PROGENy,CRSNP41|CRSwNP|Nasal_polyp|Serous_glandular,JAK-STAT,1.6823591768930242,GSE276503,CRSNP41,CRSwNP,Nasal_polyp,Serous_glandular,497
PROGENy,CRSNP42|CRSwNP|Nasal_polyp|Serous_glandular,JAK-STAT,1.2199256557051252,GSE276503,CRSNP42,CRSwNP,Nasal_polyp,Serous_glandular,531
PROGENy,CRSNP43|CRSwNP|Nasal_polyp|Serous_glandular,JAK-STAT,12.131349133623782,GSE276503,CRSNP43,CRSwNP,Nasal_polyp,Serous_glandular,557
PROGENy,CRSNP44|CRSwNP|Nasal_polyp|Serous_glandular,JAK-STAT,13.452347333475005,GSE276503,CRSNP44,CRSwNP,Nasal_polyp,Serous_glandular,508
PROGENy,CRSNP45|CRSwNP|Nasal_polyp|Serous_glandular,JAK-STAT,14.233685427359225,GSE276503,CRSNP45,CRSwNP,Nasal_polyp,Serous_glandular,537
PROGENy,HCIT01|Healthy|Inferior_turbinate|Serous_glandular,MAPK,-1.1527263341088358,GSE276503,HCIT01,Healthy,Inferior_turbinate,Serous_glandular,2441
PROGENy,HCIT02|Healthy|Inferior_turbinate|Serous_glandular,MAPK,-2.590178488495845,GSE276503,HCIT02,Healthy,Inferior_turbinate,Serous_glandular,2070
PROGENy,CRSIT12|CRSwNP|Inferior_turbinate|Serous_glandular,MAPK,-0.5667372404255211,GSE276503,CRSIT12,CRSwNP,Inferior_turbinate,Serous_glandular,1298
PROGENy,CRSIT13|CRSwNP|Inferior_turbinate|Serous_glandular,MAPK,-0.5623529521300304,GSE276503,CRSIT13,CRSwNP,Inferior_turbinate,Serous_glandular,1087
PROGENy,CRSIT16|CRSwNP|Inferior_turbinate|Serous_glandular,MAPK,-0.0037386976768587587,GSE276503,CRSIT16,CRSwNP,Inferior_turbinate,Serous_glandular,1114
PROGENy,CRSIT17|CRSwNP|Inferior_turbinate|Serous_glandular,MAPK,11.326014652760389,GSE276503,CRSIT17,CRSwNP,Inferior_turbinate,Serous_glandular,1710
PROGENy,CRSIT18|CRSwNP|Inferior_turbinate|Serous_glandular,MAPK,11.25333887606896,GSE276503,CRSIT18,CRSwNP,Inferior_turbinate,Serous_glandular,1490
PROGENy,CRSIT19|CRSwNP|Inferior_turbinate|Serous_glandular,MAPK,11.81564534907894,GSE276503,CRSIT19,CRSwNP,Inferior_turbinate,Serous_glandular,986
PROGENy,CRSMT21|CRSwNP|Middle_turbinate|Serous_glandular,MAPK,-4.063783516655485,GSE276503,CRSMT21,CRSwNP,Middle_turbinate,Serous_glandular,3383
PROGENy,CRSMT23|CRSwNP|Middle_turbinate|Serous_glandular,MAPK,-2.1823050992164963,GSE276503,CRSMT23,CRSwNP,Middle_turbinate,Serous_glandular,192
PROGENy,CRSMT24|CRSwNP|Middle_turbinate|Serous_glandular,MAPK,-0.387651086693912,GSE276503,CRSMT24,CRSwNP,Middle_turbinate,Serous_glandular,111
PROGENy,CRSMT25|CRSwNP|Middle_turbinate|Serous_glandular,MAPK,8.757748098273877,GSE276503,CRSMT25,CRSwNP,Middle_turbinate,Serous_glandular,2557
PROGENy,CRSMT26|CRSwNP|Middle_turbinate|Serous_glandular,MAPK,9.61376052439579,GSE276503,CRSMT26,CRSwNP,Middle_turbinate,Serous_glandular,2078
PROGENy,CRSMT27|CRSwNP|Middle_turbinate|Serous_glandular,MAPK,7.536442007016356,GSE276503,CRSMT27,CRSwNP,Middle_turbinate,Serous_glandular,2002
PROGENy,CRSNP31|CRSwNP|Nasal_polyp|Serous_glandular,MAPK,-0.5955757882329035,GSE276503,CRSNP31,CRSwNP,Nasal_polyp,Serous_glandular,546
PROGENy,CRSNP32|CRSwNP|Nasal_polyp|Serous_glandular,MAPK,-3.278653747321337,GSE276503,CRSNP32,CRSwNP,Nasal_polyp,Serous_glandular,436
PROGENy,CRSNP33|CRSwNP|Nasal_polyp|Serous_glandular,MAPK,-2.4738139298317905,GSE276503,CRSNP33,CRSwNP,Nasal_polyp,Serous_glandular,524
PROGENy,CRSNP34|CRSwNP|Nasal_polyp|Serous_glandular,MAPK,-4.353348854720659,GSE276503,CRSNP34,CRSwNP,Nasal_polyp,Serous_glandular,537
PROGENy,CRSNP35|CRSwNP|Nasal_polyp|Serous_glandular,MAPK,-5.540215398121831,GSE276503,CRSNP35,CRSwNP,Nasal_polyp,Serous_glandular,252
PROGENy,CRSNP36|CRSwNP|Nasal_polyp|Serous_glandular,MAPK,-4.6775495896645625,GSE276503,CRSNP36,CRSwNP,Nasal_polyp,Serous_glandular,253
PROGENy,CRSNP37|CRSwNP|Nasal_polyp|Serous_glandular,MAPK,-1.825150335760321,GSE276503,CRSNP37,CRSwNP,Nasal_polyp,Serous_glandular,551
PROGENy,CRSNP38|CRSwNP|Nasal_polyp|Serous_glandular,MAPK,-1.8666658780337135,GSE276503,CRSNP38,CRSwNP,Nasal_polyp,Serous_glandular,810
PROGENy,CRSNP39|CRSwNP|Nasal_polyp|Serous_glandular,MAPK,-2.482592386506566,GSE276503,CRSNP39,CRSwNP,Nasal_polyp,Serous_glandular,113
PROGENy,CRSNP40|CRSwNP|Nasal_polyp|Serous_glandular,MAPK,-2.7881050190364927,GSE276503,CRSNP40,CRSwNP,Nasal_polyp,Serous_glandular,127
PROGENy,CRSNP41|CRSwNP|Nasal_polyp|Serous_glandular,MAPK,-6.499758649376774,GSE276503,CRSNP41,CRSwNP,Nasal_polyp,Serous_glandular,497
PROGENy,CRSNP42|CRSwNP|Nasal_polyp|Serous_glandular,MAPK,-7.664478399254107,GSE276503,CRSNP42,CRSwNP,Nasal_polyp,Serous_glandular,531
PROGENy,CRSNP43|CRSwNP|Nasal_polyp|Serous_glandular,MAPK,-1.1205943530167308,GSE276503,CRSNP43,CRSwNP,Nasal_polyp,Serous_glandular,557
PROGENy,CRSNP44|CRSwNP|Nasal_polyp|Serous_glandular,MAPK,-1.3451809177291967,GSE276503,CRSNP44,CRSwNP,Nasal_polyp,Serous_glandular,508
PROGENy,CRSNP45|CRSwNP|Nasal_polyp|Serous_glandular,MAPK,-2.281792845584325,GSE276503,CRSNP45,CRSwNP,Nasal_polyp,Serous_glandular,537
PROGENy,HCIT01|Healthy|Inferior_turbinate|Serous_glandular,NFkB,-9.597530245834589,GSE276503,HCIT01,Healthy,Inferior_turbinate,Serous_glandular,2441
PROGENy,HCIT02|Healthy|Inferior_turbinate|Serous_glandular,NFkB,-10.091933339131371,GSE276503,HCIT02,Healthy,Inferior_turbinate,Serous_glandular,2070
PROGENy,CRSIT12|CRSwNP|Inferior_turbinate|Serous_glandular,NFkB,0.10261538767765778,GSE276503,CRSIT12,CRSwNP,Inferior_turbinate,Serous_glandular,1298
PROGENy,CRSIT13|CRSwNP|Inferior_turbinate|Serous_glandular,NFkB,-3.700258923621212,GSE276503,CRSIT13,CRSwNP,Inferior_turbinate,Serous_glandular,1087
PROGENy,CRSIT16|CRSwNP|Inferior_turbinate|Serous_glandular,NFkB,-1.9492805067154224,GSE276503,CRSIT16,CRSwNP,Inferior_turbinate,Serous_glandular,1114
PROGENy,CRSIT17|CRSwNP|Inferior_turbinate|Serous_glandular,NFkB,10.868367505108957,GSE276503,CRSIT17,CRSwNP,Inferior_turbinate,Serous_glandular,1710
PROGENy,CRSIT18|CRSwNP|Inferior_turbinate|Serous_glandular,NFkB,10.445489506183772,GSE276503,CRSIT18,CRSwNP,Inferior_turbinate,Serous_glandular,1490
PROGENy,CRSIT19|CRSwNP|Inferior_turbinate|Serous_glandular,NFkB,10.77975648531343,GSE276503,CRSIT19,CRSwNP,Inferior_turbinate,Serous_glandular,986
PROGENy,CRSMT21|CRSwNP|Middle_turbinate|Serous_glandular,NFkB,-6.351757710245723,GSE276503,CRSMT21,CRSwNP,Middle_turbinate,Serous_glandular,3383
PROGENy,CRSMT23|CRSwNP|Middle_turbinate|Serous_glandular,NFkB,-2.0504803920819756,GSE276503,CRSMT23,CRSwNP,Middle_turbinate,Serous_glandular,192
PROGENy,CRSMT24|CRSwNP|Middle_turbinate|Serous_glandular,NFkB,-3.5260007342756543,GSE276503,CRSMT24,CRSwNP,Middle_turbinate,Serous_glandular,111
PROGENy,CRSMT25|CRSwNP|Middle_turbinate|Serous_glandular,NFkB,7.609328890115761,GSE276503,CRSMT25,CRSwNP,Middle_turbinate,Serous_glandular,2557
PROGENy,CRSMT26|CRSwNP|Middle_turbinate|Serous_glandular,NFkB,7.302091219982396,GSE276503,CRSMT26,CRSwNP,Middle_turbinate,Serous_glandular,2078
PROGENy,CRSMT27|CRSwNP|Middle_turbinate|Serous_glandular,NFkB,6.869789629769609,GSE276503,CRSMT27,CRSwNP,Middle_turbinate,Serous_glandular,2002
PROGENy,CRSNP31|CRSwNP|Nasal_polyp|Serous_glandular,NFkB,0.6525832318839663,GSE276503,CRSNP31,CRSwNP,Nasal_polyp,Serous_glandular,546
PROGENy,CRSNP32|CRSwNP|Nasal_polyp|Serous_glandular,NFkB,-2.1285909493978266,GSE276503,CRSNP32,CRSwNP,Nasal_polyp,Serous_glandular,436
PROGENy,CRSNP33|CRSwNP|Nasal_polyp|Serous_glandular,NFkB,-1.3251958588519837,GSE276503,CRSNP33,CRSwNP,Nasal_polyp,Serous_glandular,524
PROGENy,CRSNP34|CRSwNP|Nasal_polyp|Serous_glandular,NFkB,-3.400106108633144,GSE276503,CRSNP34,CRSwNP,Nasal_polyp,Serous_glandular,537
PROGENy,CRSNP35|CRSwNP|Nasal_polyp|Serous_glandular,NFkB,-6.731839413568962,GSE276503,CRSNP35,CRSwNP,Nasal_polyp,Serous_glandular,252
PROGENy,CRSNP36|CRSwNP|Nasal_polyp|Serous_glandular,NFkB,-7.5456742104852825,GSE276503,CRSNP36,CRSwNP,Nasal_polyp,Serous_glandular,253
PROGENy,CRSNP37|CRSwNP|Nasal_polyp|Serous_glandular,NFkB,1.012735535722285,GSE276503,CRSNP37,CRSwNP,Nasal_polyp,Serous_glandular,551
PROGENy,CRSNP38|CRSwNP|Nasal_polyp|Serous_glandular,NFkB,-0.5708571465745913,GSE276503,CRSNP38,CRSwNP,Nasal_polyp,Serous_glandular,810
PROGENy,CRSNP39|CRSwNP|Nasal_polyp|Serous_glandular,NFkB,1.2502930686714122,GSE276503,CRSNP39,CRSwNP,Nasal_polyp,Serous_glandular,113
PROGENy,CRSNP40|CRSwNP|Nasal_polyp|Serous_glandular,NFkB,-2.551311690321038,GSE276503,CRSNP40,CRSwNP,Nasal_polyp,Serous_glandular,127
PROGENy,CRSNP41|CRSwNP|Nasal_polyp|Serous_glandular,NFkB,-5.234808998096179,GSE276503,CRSNP41,CRSwNP,Nasal_polyp,Serous_glandular,497
PROGENy,CRSNP42|CRSwNP|Nasal_polyp|Serous_glandular,NFkB,-3.8876451121082156,GSE276503,CRSNP42,CRSwNP,Nasal_polyp,Serous_glandular,531
PROGENy,CRSNP43|CRSwNP|Nasal_polyp|Serous_glandular,NFkB,3.1935169885321457,GSE276503,CRSNP43,CRSwNP,Nasal_polyp,Serous_glandular,557
PROGENy,CRSNP44|CRSwNP|Nasal_polyp|Serous_glandular,NFkB,5.231555886399033,GSE276503,CRSNP44,CRSwNP,Nasal_polyp,Serous_glandular,508
PROGENy,CRSNP45|CRSwNP|Nasal_polyp|Serous_glandular,NFkB,5.325148004582735,GSE276503,CRSNP45,CRSwNP,Nasal_polyp,Serous_glandular,537
PROGENy,HCIT01|Healthy|Inferior_turbinate|Serous_glandular,PI3K,1.822904177883363,GSE276503,HCIT01,Healthy,Inferior_turbinate,Serous_glandular,2441
PROGENy,HCIT02|Healthy|Inferior_turbinate|Serous_glandular,PI3K,3.749439523575161,GSE276503,HCIT02,Healthy,Inferior_turbinate,Serous_glandular,2070
PROGENy,CRSIT12|CRSwNP|Inferior_turbinate|Serous_glandular,PI3K,-0.37685722296576235,GSE276503,CRSIT12,CRSwNP,Inferior_turbinate,Serous_glandular,1298
PROGENy,CRSIT13|CRSwNP|Inferior_turbinate|Serous_glandular,PI3K,0.19474243274104325,GSE276503,CRSIT13,CRSwNP,Inferior_turbinate,Serous_glandular,1087
PROGENy,CRSIT16|CRSwNP|Inferior_turbinate|Serous_glandular,PI3K,9.036285209792972,GSE276503,CRSIT16,CRSwNP,Inferior_turbinate,Serous_glandular,1114
PROGENy,CRSIT17|CRSwNP|Inferior_turbinate|Serous_glandular,PI3K,9.51866788306831,GSE276503,CRSIT17,CRSwNP,Inferior_turbinate,Serous_glandular,1710
PROGENy,CRSIT18|CRSwNP|Inferior_turbinate|Serous_glandular,PI3K,10.185493490770153,GSE276503,CRSIT18,CRSwNP,Inferior_turbinate,Serous_glandular,1490
PROGENy,CRSIT19|CRSwNP|Inferior_turbinate|Serous_glandular,PI3K,9.385539249184644,GSE276503,CRSIT19,CRSwNP,Inferior_turbinate,Serous_glandular,986
PROGENy,CRSMT21|CRSwNP|Middle_turbinate|Serous_glandular,PI3K,13.839121769148992,GSE276503,CRSMT21,CRSwNP,Middle_turbinate,Serous_glandular,3383
PROGENy,CRSMT23|CRSwNP|Middle_turbinate|Serous_glandular,PI3K,-1.01158808503366,GSE276503,CRSMT23,CRSwNP,Middle_turbinate,Serous_glandular,192
PROGENy,CRSMT24|CRSwNP|Middle_turbinate|Serous_glandular,PI3K,0.30994541240455964,GSE276503,CRSMT24,CRSwNP,Middle_turbinate,Serous_glandular,111
PROGENy,CRSMT25|CRSwNP|Middle_turbinate|Serous_glandular,PI3K,3.8090202521501,GSE276503,CRSMT25,CRSwNP,Middle_turbinate,Serous_glandular,2557
PROGENy,CRSMT26|CRSwNP|Middle_turbinate|Serous_glandular,PI3K,4.807034203612222,GSE276503,CRSMT26,CRSwNP,Middle_turbinate,Serous_glandular,2078
PROGENy,CRSMT27|CRSwNP|Middle_turbinate|Serous_glandular,PI3K,3.54468866855935,GSE276503,CRSMT27,CRSwNP,Middle_turbinate,Serous_glandular,2002
PROGENy,CRSNP31|CRSwNP|Nasal_polyp|Serous_glandular,PI3K,-0.9550628868106456,GSE276503,CRSNP31,CRSwNP,Nasal_polyp,Serous_glandular,546
PROGENy,CRSNP32|CRSwNP|Nasal_polyp|Serous_glandular,PI3K,-1.9383073006341087,GSE276503,CRSNP32,CRSwNP,Nasal_polyp,Serous_glandular,436
PROGENy,CRSNP33|CRSwNP|Nasal_polyp|Serous_glandular,PI3K,-8.561006424073955,GSE276503,CRSNP33,CRSwNP,Nasal_polyp,Serous_glandular,524
PROGENy,CRSNP34|CRSwNP|Nasal_polyp|Serous_glandular,PI3K,-9.801220837407339,GSE276503,CRSNP34,CRSwNP,Nasal_polyp,Serous_glandular,537
PROGENy,CRSNP35|CRSwNP|Nasal_polyp|Serous_glandular,PI3K,-6.337933970589008,GSE276503,CRSNP35,CRSwNP,Nasal_polyp,Serous_glandular,252
PROGENy,CRSNP36|CRSwNP|Nasal_polyp|Serous_glandular,PI3K,-7.113497319291843,GSE276503,CRSNP36,CRSwNP,Nasal_polyp,Serous_glandular,253
PROGENy,CRSNP37|CRSwNP|Nasal_polyp|Serous_glandular,PI3K,-3.6733826222321566,GSE276503,CRSNP37,CRSwNP,Nasal_polyp,Serous_glandular,551
PROGENy,CRSNP38|CRSwNP|Nasal_polyp|Serous_glandular,PI3K,-2.024466401050675,GSE276503,CRSNP38,CRSwNP,Nasal_polyp,Serous_glandular,810
PROGENy,CRSNP39|CRSwNP|Nasal_polyp|Serous_glandular,PI3K,-1.3276782042925341,GSE276503,CRSNP39,CRSwNP,Nasal_polyp,Serous_glandular,113
PROGENy,CRSNP40|CRSwNP|Nasal_polyp|Serous_glandular,PI3K,-2.4520063465753403,GSE276503,CRSNP40,CRSwNP,Nasal_polyp,Serous_glandular,127
PROGENy,CRSNP41|CRSwNP|Nasal_polyp|Serous_glandular,PI3K,-2.963712752938014,GSE276503,CRSNP41,CRSwNP,Nasal_polyp,Serous_glandular,497
PROGENy,CRSNP42|CRSwNP|Nasal_polyp|Serous_glandular,PI3K,-4.197899853963953,GSE276503,CRSNP42,CRSwNP,Nasal_polyp,Serous_glandular,531
PROGENy,CRSNP43|CRSwNP|Nasal_polyp|Serous_glandular,PI3K,-6.057386791070459,GSE276503,CRSNP43,CRSwNP,Nasal_polyp,Serous_glandular,557
PROGENy,CRSNP44|CRSwNP|Nasal_polyp|Serous_glandular,PI3K,-5.424929227069186,GSE276503,CRSNP44,CRSwNP,Nasal_polyp,Serous_glandular,508
PROGENy,CRSNP45|CRSwNP|Nasal_polyp|Serous_glandular,PI3K,-5.985946026892289,GSE276503,CRSNP45,CRSwNP,Nasal_polyp,Serous_glandular,537
PROGENy,HCIT01|Healthy|Inferior_turbinate|Serous_glandular,TGFb,-2.4594314300844475,GSE276503,HCIT01,Healthy,Inferior_turbinate,Serous_glandular,2441
PROGENy,HCIT02|Healthy|Inferior_turbinate|Serous_glandular,TGFb,-3.9411813549167682,GSE276503,HCIT02,Healthy,Inferior_turbinate,Serous_glandular,2070
PROGENy,CRSIT12|CRSwNP|Inferior_turbinate|Serous_glandular,TGFb,-1.106456029123858,GSE276503,CRSIT12,CRSwNP,Inferior_turbinate,Serous_glandular,1298
PROGENy,CRSIT13|CRSwNP|Inferior_turbinate|Serous_glandular,TGFb,-2.0439136319011393,GSE276503,CRSIT13,CRSwNP,Inferior_turbinate,Serous_glandular,1087
PROGENy,CRSIT16|CRSwNP|Inferior_turbinate|Serous_glandular,TGFb,-5.724143683993308,GSE276503,CRSIT16,CRSwNP,Inferior_turbinate,Serous_glandular,1114
PROGENy,CRSIT17|CRSwNP|Inferior_turbinate|Serous_glandular,TGFb,2.784319602921077,GSE276503,CRSIT17,CRSwNP,Inferior_turbinate,Serous_glandular,1710
PROGENy,CRSIT18|CRSwNP|Inferior_turbinate|Serous_glandular,TGFb,1.8276780572187794,GSE276503,CRSIT18,CRSwNP,Inferior_turbinate,Serous_glandular,1490
PROGENy,CRSIT19|CRSwNP|Inferior_turbinate|Serous_glandular,TGFb,1.8429772413853316,GSE276503,CRSIT19,CRSwNP,Inferior_turbinate,Serous_glandular,986
PROGENy,CRSMT21|CRSwNP|Middle_turbinate|Serous_glandular,TGFb,-7.613615125056322,GSE276503,CRSMT21,CRSwNP,Middle_turbinate,Serous_glandular,3383
PROGENy,CRSMT23|CRSwNP|Middle_turbinate|Serous_glandular,TGFb,0.8618989172538895,GSE276503,CRSMT23,CRSwNP,Middle_turbinate,Serous_glandular,192
PROGENy,CRSMT24|CRSwNP|Middle_turbinate|Serous_glandular,TGFb,2.232372293457124,GSE276503,CRSMT24,CRSwNP,Middle_turbinate,Serous_glandular,111
PROGENy,CRSMT25|CRSwNP|Middle_turbinate|Serous_glandular,TGFb,4.185779798782332,GSE276503,CRSMT25,CRSwNP,Middle_turbinate,Serous_glandular,2557
PROGENy,CRSMT26|CRSwNP|Middle_turbinate|Serous_glandular,TGFb,4.046350570537627,GSE276503,CRSMT26,CRSwNP,Middle_turbinate,Serous_glandular,2078
PROGENy,CRSMT27|CRSwNP|Middle_turbinate|Serous_glandular,TGFb,3.9214793245726667,GSE276503,CRSMT27,CRSwNP,Middle_turbinate,Serous_glandular,2002
PROGENy,CRSNP31|CRSwNP|Nasal_polyp|Serous_glandular,TGFb,1.1946539207659626,GSE276503,CRSNP31,CRSwNP,Nasal_polyp,Serous_glandular,546
PROGENy,CRSNP32|CRSwNP|Nasal_polyp|Serous_glandular,TGFb,-1.6225166494038157,GSE276503,CRSNP32,CRSwNP,Nasal_polyp,Serous_glandular,436
PROGENy,CRSNP33|CRSwNP|Nasal_polyp|Serous_glandular,TGFb,0.05252898076714362,GSE276503,CRSNP33,CRSwNP,Nasal_polyp,Serous_glandular,524
PROGENy,CRSNP34|CRSwNP|Nasal_polyp|Serous_glandular,TGFb,0.2264437905040625,GSE276503,CRSNP34,CRSwNP,Nasal_polyp,Serous_glandular,537
PROGENy,CRSNP35|CRSwNP|Nasal_polyp|Serous_glandular,TGFb,0.5069999380924327,GSE276503,CRSNP35,CRSwNP,Nasal_polyp,Serous_glandular,252
PROGENy,CRSNP36|CRSwNP|Nasal_polyp|Serous_glandular,TGFb,1.0132760115353248,GSE276503,CRSNP36,CRSwNP,Nasal_polyp,Serous_glandular,253
PROGENy,CRSNP37|CRSwNP|Nasal_polyp|Serous_glandular,TGFb,0.07112127958245991,GSE276503,CRSNP37,CRSwNP,Nasal_polyp,Serous_glandular,551
PROGENy,CRSNP38|CRSwNP|Nasal_polyp|Serous_glandular,TGFb,-1.6650914774931618,GSE276503,CRSNP38,CRSwNP,Nasal_polyp,Serous_glandular,810
PROGENy,CRSNP39|CRSwNP|Nasal_polyp|Serous_glandular,TGFb,-0.6386205380070807,GSE276503,CRSNP39,CRSwNP,Nasal_polyp,Serous_glandular,113
PROGENy,CRSNP40|CRSwNP|Nasal_polyp|Serous_glandular,TGFb,0.9809144519378441,GSE276503,CRSNP40,CRSwNP,Nasal_polyp,Serous_glandular,127
PROGENy,CRSNP41|CRSwNP|Nasal_polyp|Serous_glandular,TGFb,-1.1268030488912821,GSE276503,CRSNP41,CRSwNP,Nasal_polyp,Serous_glandular,497
PROGENy,CRSNP42|CRSwNP|Nasal_polyp|Serous_glandular,TGFb,-1.707472846285231,GSE276503,CRSNP42,CRSwNP,Nasal_polyp,Serous_glandular,531
PROGENy,CRSNP43|CRSwNP|Nasal_polyp|Serous_glandular,TGFb,0.38056215397004217,GSE276503,CRSNP43,CRSwNP,Nasal_polyp,Serous_glandular,557
PROGENy,CRSNP44|CRSwNP|Nasal_polyp|Serous_glandular,TGFb,2.3083049565977327,GSE276503,CRSNP44,CRSwNP,Nasal_polyp,Serous_glandular,508
PROGENy,CRSNP45|CRSwNP|Nasal_polyp|Serous_glandular,TGFb,1.2115845252745903,GSE276503,CRSNP45,CRSwNP,Nasal_polyp,Serous_glandular,537
PROGENy,HCIT01|Healthy|Inferior_turbinate|Serous_glandular,TNFa,-9.90335570530193,GSE276503,HCIT01,Healthy,Inferior_turbinate,Serous_glandular,2441
PROGENy,HCIT02|Healthy|Inferior_turbinate|Serous_glandular,TNFa,-10.495631476611036,GSE276503,HCIT02,Healthy,Inferior_turbinate,Serous_glandular,2070
PROGENy,CRSIT12|CRSwNP|Inferior_turbinate|Serous_glandular,TNFa,-0.21960894544467396,GSE276503,CRSIT12,CRSwNP,Inferior_turbinate,Serous_glandular,1298
PROGENy,CRSIT13|CRSwNP|Inferior_turbinate|Serous_glandular,TNFa,-3.406674395504704,GSE276503,CRSIT13,CRSwNP,Inferior_turbinate,Serous_glandular,1087
PROGENy,CRSIT16|CRSwNP|Inferior_turbinate|Serous_glandular,TNFa,-2.033094434173777,GSE276503,CRSIT16,CRSwNP,Inferior_turbinate,Serous_glandular,1114
PROGENy,CRSIT17|CRSwNP|Inferior_turbinate|Serous_glandular,TNFa,9.600576332833581,GSE276503,CRSIT17,CRSwNP,Inferior_turbinate,Serous_glandular,1710
PROGENy,CRSIT18|CRSwNP|Inferior_turbinate|Serous_glandular,TNFa,8.830916600841507,GSE276503,CRSIT18,CRSwNP,Inferior_turbinate,Serous_glandular,1490
PROGENy,CRSIT19|CRSwNP|Inferior_turbinate|Serous_glandular,TNFa,10.054383003572255,GSE276503,CRSIT19,CRSwNP,Inferior_turbinate,Serous_glandular,986
PROGENy,CRSMT21|CRSwNP|Middle_turbinate|Serous_glandular,TNFa,-6.797626967407979,GSE276503,CRSMT21,CRSwNP,Middle_turbinate,Serous_glandular,3383
PROGENy,CRSMT23|CRSwNP|Middle_turbinate|Serous_glandular,TNFa,-1.474786268576207,GSE276503,CRSMT23,CRSwNP,Middle_turbinate,Serous_glandular,192
PROGENy,CRSMT24|CRSwNP|Middle_turbinate|Serous_glandular,TNFa,-2.0955811536292384,GSE276503,CRSMT24,CRSwNP,Middle_turbinate,Serous_glandular,111
PROGENy,CRSMT25|CRSwNP|Middle_turbinate|Serous_glandular,TNFa,5.44940150230066,GSE276503,CRSMT25,CRSwNP,Middle_turbinate,Serous_glandular,2557
PROGENy,CRSMT26|CRSwNP|Middle_turbinate|Serous_glandular,TNFa,5.340995531499155,GSE276503,CRSMT26,CRSwNP,Middle_turbinate,Serous_glandular,2078
PROGENy,CRSMT27|CRSwNP|Middle_turbinate|Serous_glandular,TNFa,4.930702072855919,GSE276503,CRSMT27,CRSwNP,Middle_turbinate,Serous_glandular,2002
PROGENy,CRSNP31|CRSwNP|Nasal_polyp|Serous_glandular,TNFa,0.7433969923802777,GSE276503,CRSNP31,CRSwNP,Nasal_polyp,Serous_glandular,546
PROGENy,CRSNP32|CRSwNP|Nasal_polyp|Serous_glandular,TNFa,-0.9083221849478218,GSE276503,CRSNP32,CRSwNP,Nasal_polyp,Serous_glandular,436
PROGENy,CRSNP33|CRSwNP|Nasal_polyp|Serous_glandular,TNFa,-0.4373733622569849,GSE276503,CRSNP33,CRSwNP,Nasal_polyp,Serous_glandular,524
PROGENy,CRSNP34|CRSwNP|Nasal_polyp|Serous_glandular,TNFa,-2.880634977003558,GSE276503,CRSNP34,CRSwNP,Nasal_polyp,Serous_glandular,537
PROGENy,CRSNP35|CRSwNP|Nasal_polyp|Serous_glandular,TNFa,-4.96899630677466,GSE276503,CRSNP35,CRSwNP,Nasal_polyp,Serous_glandular,252
PROGENy,CRSNP36|CRSwNP|Nasal_polyp|Serous_glandular,TNFa,-6.166003507594581,GSE276503,CRSNP36,CRSwNP,Nasal_polyp,Serous_glandular,253
PROGENy,CRSNP37|CRSwNP|Nasal_polyp|Serous_glandular,TNFa,1.3658807156146549,GSE276503,CRSNP37,CRSwNP,Nasal_polyp,Serous_glandular,551
PROGENy,CRSNP38|CRSwNP|Nasal_polyp|Serous_glandular,TNFa,0.08683058405860264,GSE276503,CRSNP38,CRSwNP,Nasal_polyp,Serous_glandular,810
PROGENy,CRSNP39|CRSwNP|Nasal_polyp|Serous_glandular,TNFa,1.4067099604994389,GSE276503,CRSNP39,CRSwNP,Nasal_polyp,Serous_glandular,113
PROGENy,CRSNP40|CRSwNP|Nasal_polyp|Serous_glandular,TNFa,-1.5219827551523446,GSE276503,CRSNP40,CRSwNP,Nasal_polyp,Serous_glandular,127
PROGENy,CRSNP41|CRSwNP|Nasal_polyp|Serous_glandular,TNFa,-4.360209463966967,GSE276503,CRSNP41,CRSwNP,Nasal_polyp,Serous_glandular,497
PROGENy,CRSNP42|CRSwNP|Nasal_polyp|Serous_glandular,TNFa,-3.5234190255035007,GSE276503,CRSNP42,CRSwNP,Nasal_polyp,Serous_glandular,531
PROGENy,CRSNP43|CRSwNP|Nasal_polyp|Serous_glandular,TNFa,3.3343508694802195,GSE276503,CRSNP43,CRSwNP,Nasal_polyp,Serous_glandular,557
PROGENy,CRSNP44|CRSwNP|Nasal_polyp|Serous_glandular,TNFa,4.866479648347158,GSE276503,CRSNP44,CRSwNP,Nasal_polyp,Serous_glandular,508
PROGENy,CRSNP45|CRSwNP|Nasal_polyp|Serous_glandular,TNFa,5.182677115566535,GSE276503,CRSNP45,CRSwNP,Nasal_polyp,Serous_glandular,537
PROGENy,HCIT01|Healthy|Inferior_turbinate|Serous_glandular,Trail,0.9802212353431585,GSE276503,HCIT01,Healthy,Inferior_turbinate,Serous_glandular,2441
PROGENy,HCIT02|Healthy|Inferior_turbinate|Serous_glandular,Trail,1.5212315327485346,GSE276503,HCIT02,Healthy,Inferior_turbinate,Serous_glandular,2070
PROGENy,CRSIT12|CRSwNP|Inferior_turbinate|Serous_glandular,Trail,-0.4568989901463756,GSE276503,CRSIT12,CRSwNP,Inferior_turbinate,Serous_glandular,1298
PROGENy,CRSIT13|CRSwNP|Inferior_turbinate|Serous_glandular,Trail,1.3362257756273936,GSE276503,CRSIT13,CRSwNP,Inferior_turbinate,Serous_glandular,1087
PROGENy,CRSIT16|CRSwNP|Inferior_turbinate|Serous_glandular,Trail,1.9158445017544725,GSE276503,CRSIT16,CRSwNP,Inferior_turbinate,Serous_glandular,1114
PROGENy,CRSIT17|CRSwNP|Inferior_turbinate|Serous_glandular,Trail,-0.7733003184809439,GSE276503,CRSIT17,CRSwNP,Inferior_turbinate,Serous_glandular,1710
PROGENy,CRSIT18|CRSwNP|Inferior_turbinate|Serous_glandular,Trail,-1.1129282379326912,GSE276503,CRSIT18,CRSwNP,Inferior_turbinate,Serous_glandular,1490
PROGENy,CRSIT19|CRSwNP|Inferior_turbinate|Serous_glandular,Trail,-1.5054616639042302,GSE276503,CRSIT19,CRSwNP,Inferior_turbinate,Serous_glandular,986
PROGENy,CRSMT21|CRSwNP|Middle_turbinate|Serous_glandular,Trail,1.7842749121536,GSE276503,CRSMT21,CRSwNP,Middle_turbinate,Serous_glandular,3383
PROGENy,CRSMT23|CRSwNP|Middle_turbinate|Serous_glandular,Trail,1.3725146766923468,GSE276503,CRSMT23,CRSwNP,Middle_turbinate,Serous_glandular,192
PROGENy,CRSMT24|CRSwNP|Middle_turbinate|Serous_glandular,Trail,-0.09428816065274404,GSE276503,CRSMT24,CRSwNP,Middle_turbinate,Serous_glandular,111
PROGENy,CRSMT25|CRSwNP|Middle_turbinate|Serous_glandular,Trail,0.8157081560122901,GSE276503,CRSMT25,CRSwNP,Middle_turbinate,Serous_glandular,2557
PROGENy,CRSMT26|CRSwNP|Middle_turbinate|Serous_glandular,Trail,0.1252306315990109,GSE276503,CRSMT26,CRSwNP,Middle_turbinate,Serous_glandular,2078
PROGENy,CRSMT27|CRSwNP|Middle_turbinate|Serous_glandular,Trail,0.15012218515152612,GSE276503,CRSMT27,CRSwNP,Middle_turbinate,Serous_glandular,2002
PROGENy,CRSNP31|CRSwNP|Nasal_polyp|Serous_glandular,Trail,1.4439079778250716,GSE276503,CRSNP31,CRSwNP,Nasal_polyp,Serous_glandular,546
PROGENy,CRSNP32|CRSwNP|Nasal_polyp|Serous_glandular,Trail,-0.35076845979254523,GSE276503,CRSNP32,CRSwNP,Nasal_polyp,Serous_glandular,436
PROGENy,CRSNP33|CRSwNP|Nasal_polyp|Serous_glandular,Trail,-1.683516446339862,GSE276503,CRSNP33,CRSwNP,Nasal_polyp,Serous_glandular,524
PROGENy,CRSNP34|CRSwNP|Nasal_polyp|Serous_glandular,Trail,-2.551121875082879,GSE276503,CRSNP34,CRSwNP,Nasal_polyp,Serous_glandular,537
PROGENy,CRSNP35|CRSwNP|Nasal_polyp|Serous_glandular,Trail,-0.5777974260520904,GSE276503,CRSNP35,CRSwNP,Nasal_polyp,Serous_glandular,252
PROGENy,CRSNP36|CRSwNP|Nasal_polyp|Serous_glandular,Trail,-1.0921985293557255,GSE276503,CRSNP36,CRSwNP,Nasal_polyp,Serous_glandular,253
PROGENy,CRSNP37|CRSwNP|Nasal_polyp|Serous_glandular,Trail,-1.7595018570047167,GSE276503,CRSNP37,CRSwNP,Nasal_polyp,Serous_glandular,551
PROGENy,CRSNP38|CRSwNP|Nasal_polyp|Serous_glandular,Trail,-1.874375788291181,GSE276503,CRSNP38,CRSwNP,Nasal_polyp,Serous_glandular,810
PROGENy,CRSNP39|CRSwNP|Nasal_polyp|Serous_glandular,Trail,-0.09054024189782724,GSE276503,CRSNP39,CRSwNP,Nasal_polyp,Serous_glandular,113
PROGENy,CRSNP40|CRSwNP|Nasal_polyp|Serous_glandular,Trail,-0.3361557191680432,GSE276503,CRSNP40,CRSwNP,Nasal_polyp,Serous_glandular,127
PROGENy,CRSNP41|CRSwNP|Nasal_polyp|Serous_glandular,Trail,0.4014774269162295,GSE276503,CRSNP41,CRSwNP,Nasal_polyp,Serous_glandular,497
PROGENy,CRSNP42|CRSwNP|Nasal_polyp|Serous_glandular,Trail,1.4794539201641241,GSE276503,CRSNP42,CRSwNP,Nasal_polyp,Serous_glandular,531
PROGENy,CRSNP43|CRSwNP|Nasal_polyp|Serous_glandular,Trail,1.6917925682209096,GSE276503,CRSNP43,CRSwNP,Nasal_polyp,Serous_glandular,557
PROGENy,CRSNP44|CRSwNP|Nasal_polyp|Serous_glandular,Trail,-0.7349474276800226,GSE276503,CRSNP44,CRSwNP,Nasal_polyp,Serous_glandular,508
PROGENy,CRSNP45|CRSwNP|Nasal_polyp|Serous_glandular,Trail,-0.024204358426750144,GSE276503,CRSNP45,CRSwNP,Nasal_polyp,Serous_glandular,537
PROGENy,HCIT01|Healthy|Inferior_turbinate|Serous_glandular,VEGF,-2.283483490448226,GSE276503,HCIT01,Healthy,Inferior_turbinate,Serous_glandular,2441
PROGENy,HCIT02|Healthy|Inferior_turbinate|Serous_glandular,VEGF,-3.018360060392778,GSE276503,HCIT02,Healthy,Inferior_turbinate,Serous_glandular,2070
PROGENy,CRSIT12|CRSwNP|Inferior_turbinate|Serous_glandular,VEGF,0.8074217231008407,GSE276503,CRSIT12,CRSwNP,Inferior_turbinate,Serous_glandular,1298
PROGENy,CRSIT13|CRSwNP|Inferior_turbinate|Serous_glandular,VEGF,-1.7979291508169246,GSE276503,CRSIT13,CRSwNP,Inferior_turbinate,Serous_glandular,1087
PROGENy,CRSIT16|CRSwNP|Inferior_turbinate|Serous_glandular,VEGF,-0.21932280052314504,GSE276503,CRSIT16,CRSwNP,Inferior_turbinate,Serous_glandular,1114
PROGENy,CRSIT17|CRSwNP|Inferior_turbinate|Serous_glandular,VEGF,2.2769636927102064,GSE276503,CRSIT17,CRSwNP,Inferior_turbinate,Serous_glandular,1710
PROGENy,CRSIT18|CRSwNP|Inferior_turbinate|Serous_glandular,VEGF,2.35191755283605,GSE276503,CRSIT18,CRSwNP,Inferior_turbinate,Serous_glandular,1490
PROGENy,CRSIT19|CRSwNP|Inferior_turbinate|Serous_glandular,VEGF,3.340877837308012,GSE276503,CRSIT19,CRSwNP,Inferior_turbinate,Serous_glandular,986
PROGENy,CRSMT21|CRSwNP|Middle_turbinate|Serous_glandular,VEGF,-1.7542970300155218,GSE276503,CRSMT21,CRSwNP,Middle_turbinate,Serous_glandular,3383
PROGENy,CRSMT23|CRSwNP|Middle_turbinate|Serous_glandular,VEGF,-2.365630223418664,GSE276503,CRSMT23,CRSwNP,Middle_turbinate,Serous_glandular,192
PROGENy,CRSMT24|CRSwNP|Middle_turbinate|Serous_glandular,VEGF,-1.8988917849256994,GSE276503,CRSMT24,CRSwNP,Middle_turbinate,Serous_glandular,111
PROGENy,CRSMT25|CRSwNP|Middle_turbinate|Serous_glandular,VEGF,0.9706342769458027,GSE276503,CRSMT25,CRSwNP,Middle_turbinate,Serous_glandular,2557
PROGENy,CRSMT26|CRSwNP|Middle_turbinate|Serous_glandular,VEGF,2.378873489714493,GSE276503,CRSMT26,CRSwNP,Middle_turbinate,Serous_glandular,2078
PROGENy,CRSMT27|CRSwNP|Middle_turbinate|Serous_glandular,VEGF,1.5138001040050837,GSE276503,CRSMT27,CRSwNP,Middle_turbinate,Serous_glandular,2002
PROGENy,CRSNP31|CRSwNP|Nasal_polyp|Serous_glandular,VEGF,-1.5550098007744857,GSE276503,CRSNP31,CRSwNP,Nasal_polyp,Serous_glandular,546
PROGENy,CRSNP32|CRSwNP|Nasal_polyp|Serous_glandular,VEGF,-1.05107738284005,GSE276503,CRSNP32,CRSwNP,Nasal_polyp,Serous_glandular,436
PROGENy,CRSNP33|CRSwNP|Nasal_polyp|Serous_glandular,VEGF,0.10363266910614974,GSE276503,CRSNP33,CRSwNP,Nasal_polyp,Serous_glandular,524
PROGENy,CRSNP34|CRSwNP|Nasal_polyp|Serous_glandular,VEGF,-0.00909034967809108,GSE276503,CRSNP34,CRSwNP,Nasal_polyp,Serous_glandular,537
PROGENy,CRSNP35|CRSwNP|Nasal_polyp|Serous_glandular,VEGF,0.6630485129569509,GSE276503,CRSNP35,CRSwNP,Nasal_polyp,Serous_glandular,252
PROGENy,CRSNP36|CRSwNP|Nasal_polyp|Serous_glandular,VEGF,1.1338960619088723,GSE276503,CRSNP36,CRSwNP,Nasal_polyp,Serous_glandular,253
PROGENy,CRSNP37|CRSwNP|Nasal_polyp|Serous_glandular,VEGF,0.24350661996126774,GSE276503,CRSNP37,CRSwNP,Nasal_polyp,Serous_glandular,551
PROGENy,CRSNP38|CRSwNP|Nasal_polyp|Serous_glandular,VEGF,0.7638556541975736,GSE276503,CRSNP38,CRSwNP,Nasal_polyp,Serous_glandular,810
PROGENy,CRSNP39|CRSwNP|Nasal_polyp|Serous_glandular,VEGF,-0.0715568110520184,GSE276503,CRSNP39,CRSwNP,Nasal_polyp,Serous_glandular,113
PROGENy,CRSNP40|CRSwNP|Nasal_polyp|Serous_glandular,VEGF,-1.4484710839237316,GSE276503,CRSNP40,CRSwNP,Nasal_polyp,Serous_glandular,127
PROGENy,CRSNP41|CRSwNP|Nasal_polyp|Serous_glandular,VEGF,0.21908153404287883,GSE276503,CRSNP41,CRSwNP,Nasal_polyp,Serous_glandular,497
PROGENy,CRSNP42|CRSwNP|Nasal_polyp|Serous_glandular,VEGF,-0.6142285336980353,GSE276503,CRSNP42,CRSwNP,Nasal_polyp,Serous_glandular,531
PROGENy,CRSNP43|CRSwNP|Nasal_polyp|Serous_glandular,VEGF,0.09502378331847584,GSE276503,CRSNP43,CRSwNP,Nasal_polyp,Serous_glandular,557
PROGENy,CRSNP44|CRSwNP|Nasal_polyp|Serous_glandular,VEGF,0.8078667125879633,GSE276503,CRSNP44,CRSwNP,Nasal_polyp,Serous_glandular,508
PROGENy,CRSNP45|CRSwNP|Nasal_polyp|Serous_glandular,VEGF,0.4169482778067442,GSE276503,CRSNP45,CRSwNP,Nasal_polyp,Serous_glandular,537
PROGENy,HCIT01|Healthy|Inferior_turbinate|Serous_glandular,WNT,-1.4648625267541422,GSE276503,HCIT01,Healthy,Inferior_turbinate,Serous_glandular,2441
PROGENy,HCIT02|Healthy|Inferior_turbinate|Serous_glandular,WNT,-1.9133956893690618,GSE276503,HCIT02,Healthy,Inferior_turbinate,Serous_glandular,2070
PROGENy,CRSIT12|CRSwNP|Inferior_turbinate|Serous_glandular,WNT,-0.35847646295874463,GSE276503,CRSIT12,CRSwNP,Inferior_turbinate,Serous_glandular,1298
PROGENy,CRSIT13|CRSwNP|Inferior_turbinate|Serous_glandular,WNT,-0.6748530804993209,GSE276503,CRSIT13,CRSwNP,Inferior_turbinate,Serous_glandular,1087
PROGENy,CRSIT16|CRSwNP|Inferior_turbinate|Serous_glandular,WNT,-3.4253885870046874,GSE276503,CRSIT16,CRSwNP,Inferior_turbinate,Serous_glandular,1114
PROGENy,CRSIT17|CRSwNP|Inferior_turbinate|Serous_glandular,WNT,-0.9488745014572681,GSE276503,CRSIT17,CRSwNP,Inferior_turbinate,Serous_glandular,1710
PROGENy,CRSIT18|CRSwNP|Inferior_turbinate|Serous_glandular,WNT,-1.0079029076886177,GSE276503,CRSIT18,CRSwNP,Inferior_turbinate,Serous_glandular,1490
PROGENy,CRSIT19|CRSwNP|Inferior_turbinate|Serous_glandular,WNT,-1.1907238658461101,GSE276503,CRSIT19,CRSwNP,Inferior_turbinate,Serous_glandular,986
PROGENy,CRSMT21|CRSwNP|Middle_turbinate|Serous_glandular,WNT,-5.4847556273926585,GSE276503,CRSMT21,CRSwNP,Middle_turbinate,Serous_glandular,3383
PROGENy,CRSMT23|CRSwNP|Middle_turbinate|Serous_glandular,WNT,-0.8440685699119789,GSE276503,CRSMT23,CRSwNP,Middle_turbinate,Serous_glandular,192
PROGENy,CRSMT24|CRSwNP|Middle_turbinate|Serous_glandular,WNT,-1.5874220014203837,GSE276503,CRSMT24,CRSwNP,Middle_turbinate,Serous_glandular,111
PROGENy,CRSMT25|CRSwNP|Middle_turbinate|Serous_glandular,WNT,0.5830585665280636,GSE276503,CRSMT25,CRSwNP,Middle_turbinate,Serous_glandular,2557
PROGENy,CRSMT26|CRSwNP|Middle_turbinate|Serous_glandular,WNT,0.6550801573863019,GSE276503,CRSMT26,CRSwNP,Middle_turbinate,Serous_glandular,2078
PROGENy,CRSMT27|CRSwNP|Middle_turbinate|Serous_glandular,WNT,-0.015480567235583173,GSE276503,CRSMT27,CRSwNP,Middle_turbinate,Serous_glandular,2002
PROGENy,CRSNP31|CRSwNP|Nasal_polyp|Serous_glandular,WNT,-0.21667154940105585,GSE276503,CRSNP31,CRSwNP,Nasal_polyp,Serous_glandular,546
PROGENy,CRSNP32|CRSwNP|Nasal_polyp|Serous_glandular,WNT,-1.5098156383594081,GSE276503,CRSNP32,CRSwNP,Nasal_polyp,Serous_glandular,436
PROGENy,CRSNP33|CRSwNP|Nasal_polyp|Serous_glandular,WNT,2.5620937398290065,GSE276503,CRSNP33,CRSwNP,Nasal_polyp,Serous_glandular,524
PROGENy,CRSNP34|CRSwNP|Nasal_polyp|Serous_glandular,WNT,2.4955906437304898,GSE276503,CRSNP34,CRSwNP,Nasal_polyp,Serous_glandular,537
PROGENy,CRSNP35|CRSwNP|Nasal_polyp|Serous_glandular,WNT,1.2292712908806323,GSE276503,CRSNP35,CRSwNP,Nasal_polyp,Serous_glandular,252
PROGENy,CRSNP36|CRSwNP|Nasal_polyp|Serous_glandular,WNT,0.7301618731846427,GSE276503,CRSNP36,CRSwNP,Nasal_polyp,Serous_glandular,253
PROGENy,CRSNP37|CRSwNP|Nasal_polyp|Serous_glandular,WNT,-0.5951158110068546,GSE276503,CRSNP37,CRSwNP,Nasal_polyp,Serous_glandular,551
PROGENy,CRSNP38|CRSwNP|Nasal_polyp|Serous_glandular,WNT,-0.9159419173566449,GSE276503,CRSNP38,CRSwNP,Nasal_polyp,Serous_glandular,810
PROGENy,CRSNP39|CRSwNP|Nasal_polyp|Serous_glandular,WNT,-0.16907720048166755,GSE276503,CRSNP39,CRSwNP,Nasal_polyp,Serous_glandular,113
PROGENy,CRSNP40|CRSwNP|Nasal_polyp|Serous_glandular,WNT,0.9248575488017758,GSE276503,CRSNP40,CRSwNP,Nasal_polyp,Serous_glandular,127
PROGENy,CRSNP41|CRSwNP|Nasal_polyp|Serous_glandular,WNT,1.4935992477098357,GSE276503,CRSNP41,CRSwNP,Nasal_polyp,Serous_glandular,497
PROGENy,CRSNP42|CRSwNP|Nasal_polyp|Serous_glandular,WNT,1.9713058885906516,GSE276503,CRSNP42,CRSwNP,Nasal_polyp,Serous_glandular,531
PROGENy,CRSNP43|CRSwNP|Nasal_polyp|Serous_glandular,WNT,2.5925766861106436,GSE276503,CRSNP43,CRSwNP,Nasal_polyp,Serous_glandular,557
PROGENy,CRSNP44|CRSwNP|Nasal_polyp|Serous_glandular,WNT,3.297948252786215,GSE276503,CRSNP44,CRSwNP,Nasal_polyp,Serous_glandular,508
PROGENy,CRSNP45|CRSwNP|Nasal_polyp|Serous_glandular,WNT,3.787282608605939,GSE276503,CRSNP45,CRSwNP,Nasal_polyp,Serous_glandular,537
PROGENy,HCIT01|Healthy|Inferior_turbinate|Serous_glandular,p53,-1.6025061174939366,GSE276503,HCIT01,Healthy,Inferior_turbinate,Serous_glandular,2441
PROGENy,HCIT02|Healthy|Inferior_turbinate|Serous_glandular,p53,-0.796389703584323,GSE276503,HCIT02,Healthy,Inferior_turbinate,Serous_glandular,2070
PROGENy,CRSIT12|CRSwNP|Inferior_turbinate|Serous_glandular,p53,3.290838340422518,GSE276503,CRSIT12,CRSwNP,Inferior_turbinate,Serous_glandular,1298
PROGENy,CRSIT13|CRSwNP|Inferior_turbinate|Serous_glandular,p53,0.6927962486775774,GSE276503,CRSIT13,CRSwNP,Inferior_turbinate,Serous_glandular,1087
PROGENy,CRSIT16|CRSwNP|Inferior_turbinate|Serous_glandular,p53,0.14847899109178775,GSE276503,CRSIT16,CRSwNP,Inferior_turbinate,Serous_glandular,1114
PROGENy,CRSIT17|CRSwNP|Inferior_turbinate|Serous_glandular,p53,-1.193932122447237,GSE276503,CRSIT17,CRSwNP,Inferior_turbinate,Serous_glandular,1710
PROGENy,CRSIT18|CRSwNP|Inferior_turbinate|Serous_glandular,p53,-1.3568480276949613,GSE276503,CRSIT18,CRSwNP,Inferior_turbinate,Serous_glandular,1490
PROGENy,CRSIT19|CRSwNP|Inferior_turbinate|Serous_glandular,p53,0.27253236842374073,GSE276503,CRSIT19,CRSwNP,Inferior_turbinate,Serous_glandular,986
PROGENy,CRSMT21|CRSwNP|Middle_turbinate|Serous_glandular,p53,-0.4590994079661981,GSE276503,CRSMT21,CRSwNP,Middle_turbinate,Serous_glandular,3383
PROGENy,CRSMT23|CRSwNP|Middle_turbinate|Serous_glandular,p53,-1.39851957750971,GSE276503,CRSMT23,CRSwNP,Middle_turbinate,Serous_glandular,192
PROGENy,CRSMT24|CRSwNP|Middle_turbinate|Serous_glandular,p53,0.929345126987128,GSE276503,CRSMT24,CRSwNP,Middle_turbinate,Serous_glandular,111
PROGENy,CRSMT25|CRSwNP|Middle_turbinate|Serous_glandular,p53,-1.4574463830060134,GSE276503,CRSMT25,CRSwNP,Middle_turbinate,Serous_glandular,2557
PROGENy,CRSMT26|CRSwNP|Middle_turbinate|Serous_glandular,p53,-1.879387322549347,GSE276503,CRSMT26,CRSwNP,Middle_turbinate,Serous_glandular,2078
PROGENy,CRSMT27|CRSwNP|Middle_turbinate|Serous_glandular,p53,-2.2060478440973776,GSE276503,CRSMT27,CRSwNP,Middle_turbinate,Serous_glandular,2002
PROGENy,CRSNP31|CRSwNP|Nasal_polyp|Serous_glandular,p53,-0.24855049383448508,GSE276503,CRSNP31,CRSwNP,Nasal_polyp,Serous_glandular,546
PROGENy,CRSNP32|CRSwNP|Nasal_polyp|Serous_glandular,p53,1.5351064126614529,GSE276503,CRSNP32,CRSwNP,Nasal_polyp,Serous_glandular,436
PROGENy,CRSNP33|CRSwNP|Nasal_polyp|Serous_glandular,p53,-0.44513057694307523,GSE276503,CRSNP33,CRSwNP,Nasal_polyp,Serous_glandular,524
PROGENy,CRSNP34|CRSwNP|Nasal_polyp|Serous_glandular,p53,0.34893735462266595,GSE276503,CRSNP34,CRSwNP,Nasal_polyp,Serous_glandular,537
PROGENy,CRSNP35|CRSwNP|Nasal_polyp|Serous_glandular,p53,1.369143361075923,GSE276503,CRSNP35,CRSwNP,Nasal_polyp,Serous_glandular,252
PROGENy,CRSNP36|CRSwNP|Nasal_polyp|Serous_glandular,p53,1.8001402141635616,GSE276503,CRSNP36,CRSwNP,Nasal_polyp,Serous_glandular,253
PROGENy,CRSNP37|CRSwNP|Nasal_polyp|Serous_glandular,p53,3.121367598211187,GSE276503,CRSNP37,CRSwNP,Nasal_polyp,Serous_glandular,551
PROGENy,CRSNP38|CRSwNP|Nasal_polyp|Serous_glandular,p53,1.7413751681255607,GSE276503,CRSNP38,CRSwNP,Nasal_polyp,Serous_glandular,810
PROGENy,CRSNP39|CRSwNP|Nasal_polyp|Serous_glandular,p53,1.9118453901902217,GSE276503,CRSNP39,CRSwNP,Nasal_polyp,Serous_glandular,113
PROGENy,CRSNP40|CRSwNP|Nasal_polyp|Serous_glandular,p53,-3.745247879116091,GSE276503,CRSNP40,CRSwNP,Nasal_polyp,Serous_glandular,127
PROGENy,CRSNP41|CRSwNP|Nasal_polyp|Serous_glandular,p53,2.0788576360696744,GSE276503,CRSNP41,CRSwNP,Nasal_polyp,Serous_glandular,497
PROGENy,CRSNP42|CRSwNP|Nasal_polyp|Serous_glandular,p53,2.748210679518,GSE276503,CRSNP42,CRSwNP,Nasal_polyp,Serous_glandular,531
PROGENy,CRSNP43|CRSwNP|Nasal_polyp|Serous_glandular,p53,-2.262365797519463,GSE276503,CRSNP43,CRSwNP,Nasal_polyp,Serous_glandular,557
PROGENy,CRSNP44|CRSwNP|Nasal_polyp|Serous_glandular,p53,-3.1593274996609035,GSE276503,CRSNP44,CRSwNP,Nasal_polyp,Serous_glandular,508
PROGENy,CRSNP45|CRSwNP|Nasal_polyp|Serous_glandular,p53,0.22182386318226704,GSE276503,CRSNP45,CRSwNP,Nasal_polyp,Serous_glandular,537
