gene,effect_paired,se_paired,ci_low_paired,ci_high_paired,p_paired,fdr_paired,effect_external,se_external,ci_low_external,ci_high_external,p_external,fdr_external,meta_effect,meta_se,meta_ci_low,meta_ci_high,meta_p,meta_fdr,Q,heterogeneity_p,I2_percent,direction_concordant
ADGRG6,-2.39606191790216,0.447974974176363,-3.82171821932929,-0.970405616475029,0.0127825707308853,0.331555050552371,-1.90815440392894,0.398215071645841,-2.75490371743817,-1.0614050904197,0.0002204091224498,0.0041056386021866,-2.12351580628892,0.297624675657322,-2.70686017057727,-1.54017144200057,9.68729112592948e-13,2.28079590609727e-11,0.662628316084623,0.415633579544808,0.0,True
AMOTL1,-1.80374463341563,0.717733951457395,-4.08789439540789,0.48040512857663,0.08670006036363,0.414815210814049,-2.29238881317965,0.394409693022792,-3.15324801741327,-1.43152960894603,8.84740939848208e-05,0.0023294487048293,-2.17905515279845,0.345657976393797,-2.85654478653029,-1.50156551906661,2.89912805161746e-10,4.284883517438431e-09,0.356005318871145,0.550733193020538,0.0,True
ANO1,-2.24456412789937,0.27669839117937,-3.1251419005861,-1.36398635521264,0.0039158966370463,0.326680232102555,-1.65098937100253,0.215934435316744,-2.10545318813579,-1.19652555386927,5.43741142304517e-07,0.0001009304963636,-1.87565927860717,0.170232068259899,-2.20931413239657,-1.54200442481777,3.12071228439218e-28,4.67955351771235e-26,2.8600690570822,0.0908036001075055,65.0358092744731,True
AZGP1,-4.35835809392324,0.569258272355955,-6.16999197953463,-2.54672420831184,0.0046278660856739,0.326680232102555,-3.92073652655565,0.528378446214553,-5.03483655873709,-2.80663649437422,9.52284824947344e-07,0.0001390302734893,-4.12327133023158,0.38726640453823,-4.88231348312651,-3.36422917733665,1.79845860485907e-26,2.37591112870756e-24,0.317474021812986,0.573129634304402,0.0,True
CA2,-2.24929867233816,0.68004080871176,-4.41349203146504,-0.0851053132112751,0.0454739886951646,0.370937391935072,-3.25619486763782,0.253097934397341,-3.78722059981172,-2.72516913546392,1.26972672909658e-10,8.90374706666825e-07,-3.13369040110383,0.23720213132867,-3.59860657850802,-2.66877422369963,7.57551719604118e-40,1.95006438488093e-37,1.92557049042467,0.165243871292103,48.0673387459602,True
CHI3L2,-1.57767594446552,0.685803123892593,-3.76020756224953,0.604855673318488,0.104942223969371,0.433419206200522,-3.36964607405573,0.781708318933535,-5.00590120553293,-1.73339094257853,0.0003779757895532,0.0057786894511854,-2.35704974171535,0.515527991431541,-3.36748460492117,-1.34661487850953,4.82841552802648e-06,2.68641490743404e-05,2.96946115659382,0.084850112659205,66.3238565091362,True
CHRM3,-2.61886255016899,0.441701055948521,-4.02455244371227,-1.2131726566257,0.0095882407452337,0.326680232102555,-2.35185488247054,0.333384611436399,-3.05010524346045,-1.65360452148063,1.08889941554297e-06,0.0001495275532097,-2.44875976346568,0.266096643922743,-2.97030918555425,-1.9272103413771,3.4965084198480203e-20,2.4001587797578897e-18,0.232797486377807,0.629457248240021,0.0,True
CHST1,-2.03987053066747,0.91427616336596,-4.94950532878043,0.869764267445489,0.111878849252415,0.438294865579591,-1.66264844328487,0.620808724539506,-2.97861597830661,-0.346680908263131,0.0164829962791293,0.0574290801525026,-1.78168732114383,0.513597915388414,-2.78833923530512,-0.775035406982537,0.0005223383041556,0.0016734111403616,0.116511908153059,0.732848837512978,0.0,True
DMBT1,-5.63917802243527,1.42940233710497,-10.1881742089189,-1.09018183595166,0.0290377132540194,0.35595679340833,-4.12226108606828,0.971010398438673,-6.19499997145932,-2.04952220067725,0.0007307216809004,0.008640917369929,-4.60123533064954,0.803211038419475,-6.17552896595171,-3.02694169534737,1.01292151415946e-08,1.0871836543567e-07,0.770595023326861,0.380033040028537,0.0,True
F5,-2.99721702783476,0.755205517940773,-5.40061803813524,-0.593816017534279,0.0285889033779055,0.35595679340833,-1.98306125697764,0.51609304266606,-3.07099854272712,-0.895123971228162,0.001281957338285,0.0117715131058497,-2.30590876968057,0.426100009398811,-3.14106478810224,-1.4707527512589,6.24428439203437e-08,5.67645511683171e-07,1.22926665783985,0.26754970306848,18.6506854617477,True
GJC3,-2.9523977103431,0.748715792427563,-5.33514551766176,-0.569649903024435,0.0290732127897358,0.35595679340833,-3.51847668722177,0.42549930349543,-4.41276698130926,-2.62418639313429,1.58752809324467e-07,5.04501606592441e-05,-3.38028230942854,0.369933505553965,-4.10535198031431,-2.65521263854276,6.38888840941021e-20,4.29027745579742e-18,0.43208550167381,0.510967394732585,0.0,True
GRIA2,-1.916532171764,0.497456794365064,-3.49966170902937,-0.333402634498624,0.0308849293990378,0.35595679340833,-1.86883921227076,0.401252064010658,-2.72044587988799,-1.01723254465354,0.0002723949713516,0.004728030538222,-1.88763811095808,0.312316144213378,-2.49977775361631,-1.27549846829986,1.5034149480027e-09,1.92061570487193e-08,0.0055686781909624,0.940514214973716,0.0,True
HP,-6.09096406623014,2.07394302241223,-12.6911763752749,0.509248242814598,0.0606616942190521,0.384643392778219,-5.55770176658693,0.82650109399818,-7.29699903729708,-3.81840449587679,2.98151605900574e-06,0.0002800096130951,-5.63078533819308,0.767779057543401,-7.13563229097815,-4.12593838540802,2.23614044380043e-13,6.059155992017119e-12,0.0570523816726375,0.811216931802595,0.0,True
KCNMA1,-1.88095471512481,0.349881536365894,-2.99443391781944,-0.76747551243018,0.0126032848654539,0.3305908366577,-1.73950724341295,0.482095605995338,-2.74857583870875,-0.730438648117155,0.0018741747112209,0.0148862420860878,-1.83215549132731,0.283166606165589,-2.38716203941186,-1.27714894324275,9.784831872152039e-11,1.5791716642151302e-09,0.0563853205171525,0.812303101326032,0.0,True
KCNN4,-3.20075022003752,0.681375744263846,-5.36919193987993,-1.03230850019511,0.0182473606808862,0.335110626703247,-2.19388633511549,0.485873565536658,-3.21083233466069,-1.17694033557029,0.0002368031674043,0.0043139515078953,-2.5332807079169,0.395597561924284,-3.30865192928849,-1.7579094865453,1.5167455628311102e-10,2.36866887946678e-09,1.44753428207781,0.228924010226863,30.9170074670297,True
KRT14,-1.96763553389033,0.182223139078008,-2.54755088958633,-1.38772017819432,0.0016990184144988,0.308770123823995,-4.04258740589066,0.861906677420895,-5.85479766150619,-2.23037715027513,0.000187291257944,0.0037381620236482,-2.05641323341568,0.178282278125634,-2.40584649854192,-1.70697996828944,8.830544659199771e-31,1.6045619089569498e-28,5.54759652374784,0.018506081728355,81.9741757404444,True
LINC01829,-3.48173194966468,0.375894083242564,-4.67799468605799,-2.28546921327138,0.0026628805274329,0.314978263447525,-2.85542416285395,0.630913545769817,-4.17640588012058,-1.53444244558732,0.0002339542882124,0.0042871919521999,-3.31765427007983,0.322924279289534,-3.95058585748732,-2.68472268267235,9.250364206608171e-25,1.0205133940790199e-22,0.727287858261277,0.393763714252738,0.0,True
NOSTRIN,-2.59377279839004,0.134630583822528,-3.02222740245423,-2.16531819432584,0.0003054287337677,0.24492475603089,-2.49564789157088,0.408098303122007,-3.36063071194951,-1.63066507119225,1.4772644748246e-05,0.0007579807989484,-2.5841418010678,0.127852961257355,-2.83473360513221,-2.33354999700338,7.70444085561142e-91,6.99971111852461e-88,0.05213904368567,0.819382120801503,0.0,True
NPY1R,-2.62834071916555,0.183676540307532,-3.21288144623455,-2.04379999209655,0.0007396115510207,0.270762141721517,-2.42661354727791,0.426921986295045,-3.32336987552592,-1.52985721902989,2.14454825829301e-05,0.000968545713818,-2.59683284313981,0.168723620251288,-2.92753113883233,-2.26613454744728,1.87971614653132e-53,8.06450441199341e-51,0.188397938763582,0.664253357283279,0.0,True
ODAM,-4.3158829667733,0.621178382060123,-6.29274981368265,-2.33901611986395,0.0061155484225653,0.326680232102555,-3.76917276251035,0.940676595855016,-5.7626605775509,-1.7756849474698,0.0010098398756371,0.0103191857004471,-4.14987274079149,0.51835724052819,-5.16585293222674,-3.13389254935623,1.18676969080399e-15,4.7119943122024605e-14,0.235211934793292,0.627685900137841,0.0,True
PADI2,-1.76342897668992,0.720262831496357,-4.05562676361868,0.528768810238845,0.0918172753635466,0.421103148369044,-1.59638854363348,0.525876427809246,-2.69713009586382,-0.495646991403142,0.0068071082556823,0.0323800981253415,-1.65447095250018,0.424719802324007,-2.48692176505523,-0.822020139945129,9.80202010241168e-05,0.0003820141319246,0.035083169245709,0.85142148991322,0.0,True
PHLDA1,-2.08716677722235,0.546185255375651,-3.82537202519303,-0.348961529251675,0.0315444044274861,0.356162484257382,-2.69306242926045,0.419804535526711,-3.59807828418344,-1.78804657433745,2.07287136608797e-05,0.0009521177931963,-2.46805011604614,0.332846654481238,-3.12042955882936,-1.81567067326291,1.21646388516481e-13,3.4793119826611998e-12,0.773588255403266,0.379109280753804,0.0,True
PKDCC,-3.4351268821068,0.764563002714404,-5.86830758525188,-1.00194617896173,0.0205771982690166,0.339465250983899,-2.00750534676729,0.407905955456197,-2.88990290453112,-1.12510778900346,0.0002899879408116,0.0048882021721593,-2.32382466487371,0.35988984407052,-3.02920875925193,-1.61844057049549,1.06767654442189e-10,1.7106083224684802e-09,2.71405543616918,0.0994678336350183,63.1547688129954,True
PLCB1,-1.95846612838711,1.03791092429916,-5.26156191463658,1.34462965786236,0.155625449056536,0.481352903233789,-2.97095645480898,0.497139830553796,-4.04721778356416,-1.8946951260538,5.03331845724174e-05,0.0016128798078632,-2.78201532722609,0.448361066152229,-3.66080301688446,-1.90322763756772,5.47474155437889e-10,7.6315327894749e-09,0.774034405826819,0.378971862999998,0.0,True
PPP1R1B,-3.24547662364471,0.224005337583791,-3.95836158260207,-2.53259166468734,0.000712872716697,0.270762141721517,-3.65988578104851,0.72349406628919,-5.20563935264201,-2.11413220945502,0.0001534320891264,0.0032434904221778,-3.28172764407731,0.213983565572753,-3.70113543259991,-2.86231985555472,4.370655481422401e-53,1.8244533489342999e-50,0.299386936357876,0.584267012063651,0.0,True
QPRT,-1.63083482852514,0.882818924321003,-4.44035865246506,1.17868899541477,0.161857783082924,0.48800703062734,-1.66648141300114,0.363302340421654,-2.49464310338914,-0.838319722613139,0.0014926370748364,0.0129659490533557,-1.66131884982613,0.335966025757442,-2.31981226031071,-1.00282543934154,7.61824384886812e-07,5.30017010116073e-06,0.0013942700922527,0.970213971133691,0.0,True
RNASE1,-2.95539286109818,0.474219323139933,-4.464570393919,-1.44621532827736,0.0083311450052555,0.326680232102555,-2.05573414087325,0.762446469566771,-3.66288960832252,-0.44857867342399,0.0151809499165217,0.0543972059764178,-2.70444189740065,0.402684482910246,-3.49370348390473,-1.91518031089656,1.8673972417742098e-11,3.41729270132733e-10,1.00394094969985,0.316358788748535,0.392547958226511,True
RNF128,-2.0954346500298,0.541059955072149,-3.81732890498613,-0.373540395073471,0.0304693693779491,0.35595679340833,-1.78699823313882,0.322963232173704,-2.47777532764217,-1.09622113863548,6.61351388355777e-05,0.0019323401606722,-1.86802441691639,0.277316212328234,-2.41156419307973,-1.32448464075305,1.62715810978767e-11,3.0315388426623e-10,0.23959892678246,0.624495941122992,0.0,True
RTN1,-3.46346152456479,1.04751678301538,-6.79712744039477,-0.129795608734814,0.0455162110889925,0.370937391935072,-1.64523132433143,0.535806068947458,-2.77517088139605,-0.515291767266814,0.0068910263930523,0.0326427656452696,-2.02229000819277,0.477024878925909,-2.95725877088756,-1.08732124549799,2.24137389089878e-05,0.000103958017252,2.38804528061941,0.122266425640884,58.1247471262094,True
SLC22A3,-2.42263932999951,0.99159552633496,-5.57833884912006,0.733060189121036,0.0922388402703339,0.421229425565677,-2.79381379306897,0.335679052996274,-3.51300121309029,-2.07462637304765,7.94108386262206e-07,0.0001240818059904,-2.75565110518869,0.317954511747124,-3.37884194821305,-2.13246026216433,4.4439854053465095e-18,2.46896958940924e-16,0.125709633945202,0.72292258559107,0.0,True
SLC37A2,-2.43192829833492,0.807700763125362,-5.00239260771805,0.138536011048223,0.0571695711683911,0.384243249537214,-2.57902542506576,0.362896174323139,-3.34483553316966,-1.81321531696185,1.7880116334804e-06,0.000203321085046,-2.5543188907127,0.331020060277874,-3.20311820885734,-1.90551957256807,1.19560225118055e-14,4.03189449115362e-13,0.0275963243072884,0.868061402081919,0.0,True
SLCO1A2,-2.32361195108332,0.397288076572535,-3.58795992250485,-1.05926397966178,0.0099627590828897,0.326680232102555,-1.83823573376823,0.434075248751391,-2.76610274188384,-0.910368725652609,0.0007706602045509,0.0088737672693022,-2.10235938701017,0.293069033856831,-2.67677469336956,-1.52794408065078,7.30520030048326e-13,1.7740380289459698e-11,0.680386585976419,0.409453636427047,0.0,True
SMAD9,-1.65981903904452,0.327575900300838,-2.7023117526569,-0.617326325432129,0.0148405125276101,0.331555050552371,-1.7922609184985,0.263480766229873,-2.34484306172192,-1.23967877527508,1.99297602790323e-06,0.0002178834197693,-1.74023525831014,0.205309041626604,-2.14264097989828,-1.33782953672199,2.32719666514916e-17,1.1862558578623302e-15,0.0992533329941838,0.752727510094939,0.0,True
SOD3,-1.78442148464473,0.409752996442555,-3.08843839425227,-0.480404575037195,0.0223711514865929,0.347537076599839,-1.79171743804047,0.669623628498908,-3.35795748724701,-0.225477388833929,0.0301556152016545,0.0864990014994826,-1.78640912985143,0.349509654803734,-2.47144805326675,-1.10137020643612,3.20141252740977e-07,2.43935947142792e-06,8.63727287932031e-05,0.992584812621306,0.0,True
ST3GAL5,-1.85548723856298,0.805389887893272,-4.41859731160178,0.707622834475822,0.104619739059844,0.433193116736604,-1.64262193946156,0.336102950183421,-2.38923025393005,-0.896013624993059,0.0005943949282293,0.0076432066657462,-1.6741946801019,0.31017720543221,-2.28214200274903,-1.06624735745477,6.75598356228141e-08,6.09498633875212e-07,0.0594939086467096,0.807297633753406,0.0,True
STATH,-8.18913929166113,1.83088283513308,-14.0158256057378,-2.36245297758452,0.0208270768500046,0.340593042687387,-8.01433607877914,1.35661837638925,-10.8609605925595,-5.16771156499873,1.26905852377357e-05,0.0007062747133498,-8.07629224005601,1.09000401725251,-10.2127001138709,-5.9398843662411,1.26857642825287e-13,3.61497471113756e-12,0.0058846213227423,0.938853226469137,0.0,True
TBX3,-1.87297748595877,0.539077909210071,-3.58856398638443,-0.157390985533115,0.0402176646247672,0.366456301588887,-2.17936461044368,0.38861497959419,-3.03988715042208,-1.31884207046527,0.0001893373862544,0.0037540910411258,-2.0745904074103,0.315241556373841,-2.69246385790303,-1.45671695691758,4.6743694525443095e-11,7.95106125490604e-10,0.212562085720759,0.644766636308488,0.0,True
TCEAL2,-2.31413083121063,1.19072573929032,-6.10355156082132,1.47528989840006,0.147211976661715,0.473551620264564,-2.97232284956589,0.689752500272414,-4.43079052647355,-1.51385517265823,0.0005047293804378,0.0069180087460234,-2.80695385879008,0.596846256001721,-3.97677252055345,-1.63713519702671,2.56396060631191e-06,1.53252211936871e-05,0.228781087780696,0.632429110033292,0.0,True
TCN1,-2.3689540492603,0.0785480325597953,-2.61892894526753,-2.11897915325308,8.00738227891561e-05,0.238324231679373,-2.08151232008692,0.335596709243294,-2.78814676288419,-1.37487787728964,8.56308159516041e-06,0.0005425950226427,-2.35402533243761,0.0764810823327964,-2.5039282538099,-2.20412241106533,4.97747098797221e-208,1.53754078818462e-204,0.695507270085962,0.404297447056048,0.0,True
TESC,-1.74967970573714,1.72533489585326,-7.24046537042239,3.74110595894811,0.385208766027733,0.676707241801276,-2.9405584663593,0.436917624818975,-3.88226731084196,-1.99884962187664,1.2480126713676e-05,0.0007003848708139,-2.86879131369458,0.423547857742093,-3.69894511486908,-2.03863751252007,1.2592974263861e-11,2.40715949882838e-10,0.447707260715636,0.503425755350746,0.0,True
