gene,Full,-P1,-P2,-P3,-P6,external,change_-P1,change_-P2,change_-P3,change_-P6,max_absolute_change
STATH,-8.18913929166113,-8.24334213231259,-9.00951712733816,-9.05781714869503,-6.44588075829875,-8.01433607877914,-0.0542028406514561,-0.820377835677025,-0.868677857033898,1.74325853336238,1.74325853336238
HP,-6.09096406623014,-5.03881253880638,-7.91803923480116,-6.40688918772434,-5.00011530358868,-5.557701766586934,1.05215152742376,-1.82707516857102,-0.3159251214942,1.09084876264146,1.82707516857102
DMBT1,-5.63917802243527,-6.2113247157657,-5.9930831384503,-6.13606567510375,-4.21623856042131,-4.122261086068283,-0.572146693330432,-0.353905116015036,-0.496887652668486,1.42293946201396,1.42293946201396
AZGP1,-4.35835809392324,-4.16782268277622,-4.634414424253,-4.71303036656623,-3.91816490209749,-3.920736526555655,0.190535411147017,-0.276056330329762,-0.354672272642998,0.440193191825744,0.440193191825744
ODAM,-4.3158829667733,-4.15329903705189,-4.83097233284414,-4.42300527621001,-3.85625522098714,-3.769172762510352,0.162583929721403,-0.515089366070846,-0.107122309436716,0.459627745786161,0.515089366070846
LINC01829,-3.48173194966468,-3.48800746289901,-3.79139730597762,-3.46962757947963,-3.17789545030248,-2.8554241628539487,-0.0062755132343248,-0.309665356312933,0.0121043701850576,0.3038364993622,0.309665356312933
RTN1,-3.46346152456479,-2.75542229092266,-4.15730302186751,-3.96057000827831,-2.98055077719069,-1.6452313243314298,0.708039233642136,-0.693841497302718,-0.497108483713522,0.482910747374104,0.708039233642136
PKDCC,-3.4351268821068,-3.00824532199056,-4.13744631003354,-3.4790605361778,-3.11575536022531,-2.0075053467672914,0.426881560116245,-0.70231942792674,-0.043933654071,0.319371521881494,0.70231942792674
PPP1R1B,-3.24547662364471,-3.03634715233051,-3.38843861828214,-3.26209545201855,-3.29502527194764,-3.6598857810485135,0.209129471314202,-0.142961994637433,-0.0166188283738435,-0.0495486483029262,0.209129471314202
KCNN4,-3.20075022003752,-3.27698925233711,-3.46236194120816,-3.52563953087159,-2.53801015573322,-2.193886335115488,-0.0762390322995903,-0.261611721170638,-0.324889310834072,0.6627400643043,0.6627400643043
F5,-2.99721702783476,-3.2872561228838,-3.21927806142598,-3.23910778108123,-2.24322614594804,-1.983061256977641,-0.290039095049036,-0.222061033591221,-0.241890753246464,0.753990881886721,0.753990881886721
RNASE1,-2.95539286109818,-2.50316389857159,-3.14395794902138,-3.1990687572643,-2.97538083953545,-2.0557341408732537,0.452228962526587,-0.188565087923196,-0.243675896166125,-0.0199879784372654,0.452228962526587
GJC3,-2.9523977103431,-2.75030118421377,-3.05700138862538,-3.58889255863691,-2.41339570989632,-3.518476687221773,0.202096526129327,-0.104603678282285,-0.636494848293814,0.539002000446771,0.636494848293814
NPY1R,-2.62834071916555,-2.5693566963097,-2.59014389749995,-2.8098269493685,-2.54403533348407,-2.4266135472779062,0.0589840228558542,0.0381968216656023,-0.181486230202942,0.084305385681485,0.181486230202942
CHRM3,-2.61886255016899,-2.56638283056438,-2.91288285763214,-2.76432533752316,-2.23185917495627,-2.3518548824705405,0.0524797196046105,-0.294020307463152,-0.145462787354173,0.387003375212715,0.387003375212715
NOSTRIN,-2.59377279839004,-2.63556169866824,-2.54405333646593,-2.69753138597593,-2.49794477245005,-2.4956478915708797,-0.0417889002782053,0.0497194619241084,-0.103758587585894,0.0958280259399911,0.103758587585894
SLC37A2,-2.43192829833492,-1.91856275027108,-2.91606058366725,-2.87752355419348,-2.01556630520785,-2.579025425065756,0.513365548063836,-0.484132285332337,-0.44559525585856,0.416361993127061,0.513365548063836
SLC22A3,-2.42263932999951,-1.6363822511261,-3.23018577333268,-2.55422248094325,-2.26976681459601,-2.7938137930689675,0.786257078873409,-0.80754644333317,-0.131583150943739,0.1528725154035,0.80754644333317
ADGRG6,-2.39606191790216,-2.14040027686058,-2.39036516627015,-2.81659107910129,-2.23689114937663,-1.9081544039289355,0.255661641041584,0.0056967516320098,-0.420529161199128,0.159170768525534,0.420529161199128
TCN1,-2.3689540492603,-2.31479033889106,-2.35499176635564,-2.44028072043897,-2.36575337135554,-2.0815123200869152,0.0541637103692465,0.01396228290466,-0.0713266711786655,0.0032006779047599,0.0713266711786655
SLCO1A2,-2.32361195108332,-2.21592907803799,-2.3936378347161,-2.65327977011751,-2.03160112146166,-1.8382357337682265,0.107682873045325,-0.0700258836327863,-0.329667819034196,0.292010829621657,0.329667819034196
TCEAL2,-2.31413083121063,-1.21361399736817,-3.0855077749475,-2.60140127289883,-2.35600027962801,-2.9723228495658915,1.10051683384245,-0.771376943736876,-0.287270441688199,-0.0418694484173781,1.10051683384245
CA2,-2.24929867233816,-1.6627986197693,-2.32583125128143,-2.24281121000074,-2.76575360830117,-3.2561948676378205,0.586500052568863,-0.0765325789432674,0.0064874623374167,-0.516454935963013,0.586500052568863
ANO1,-2.24456412789937,-1.98465845176185,-2.3070464946383,-2.26864442842053,-2.4179071367768,-1.6509893710025292,0.259905676137519,-0.0624823667389305,-0.0240803005211601,-0.173343008877428,0.259905676137519
RNF128,-2.0954346500298,-2.31636949870123,-2.4674023859271,-1.9160066289569,-1.68196008653397,-1.786998233138824,-0.220934848671432,-0.371967735897298,0.179428021072902,0.413474563495829,0.413474563495829
PHLDA1,-2.08716677722235,-1.7589224089614,-2.5673801149419,-2.16587760387711,-1.85648698110901,-2.693062429260446,0.328244368260955,-0.48021333771955,-0.0787108266547523,0.230679796113347,0.48021333771955
CHST1,-2.03987053066747,-1.27804217597408,-2.7198273742233,-2.26581887218339,-1.89579370028913,-1.6626484432848716,0.761828354693394,-0.679956843555824,-0.225948341515914,0.144076830378344,0.761828354693394
KRT14,-1.96763553389033,-2.00004500556715,-2.08905143527315,-1.98196532346808,-1.79948037125294,-4.042587405890661,-0.0324094716768224,-0.121415901382822,-0.0143297895777486,0.168155162637392,0.168155162637392
PLCB1,-1.95846612838711,-2.17336975992187,-2.64871982351458,-2.0079117779883,-1.0038631521237,-2.97095645480898,-0.21490363153476,-0.690253695127465,-0.0494456496011841,0.95460297626341,0.95460297626341
GRIA2,-1.916532171764,-1.82276158677061,-1.78223728010515,-2.40279873780507,-1.65833108237516,-1.868839212270764,0.093770584993387,0.134294891658848,-0.486266566041071,0.258201089388836,0.486266566041071
KCNMA1,-1.88095471512481,-1.82833972527725,-2.22451956993983,-1.74225205712346,-1.72870750815869,-1.7395072434129526,0.0526149898475563,-0.343564854815019,0.138702658001343,0.15224720696612,0.343564854815019
TBX3,-1.87297748595877,-2.16360424367415,-1.52603467897452,-2.20201285321823,-1.6002581679682,-2.1793646104436792,-0.290626757715374,0.346942806984249,-0.329035367259453,0.272719317990578,0.346942806984249
ST3GAL5,-1.85548723856298,-1.8762693233886,-2.1081978445958,-2.33646932211098,-1.10101246415655,-1.6426219394615569,-0.0207820848256242,-0.252710606032815,-0.480982083547995,0.754474774406434,0.754474774406434
AMOTL1,-1.80374463341563,-1.7739085777819,-1.70048141115919,-2.44754848033969,-1.29304006438175,-2.2923888131796533,0.0298360556337285,0.103263222256442,-0.643803846924056,0.510704569033885,0.643803846924056
SOD3,-1.78442148464473,-1.59189988611142,-1.84476603627902,-2.14582504392968,-1.55519497225881,-1.7917174380404717,0.19252159853331,-0.06034455163429,-0.361403559284943,0.229226512385923,0.361403559284943
PADI2,-1.76342897668992,-1.74840002168267,-2.06464969708615,-2.14938511100667,-1.09128107698418,-1.5963885436334833,0.0150289550072458,-0.301220720396233,-0.38595613431675,0.672147899705738,0.672147899705738
TESC,-1.74967970573714,-1.9101896658414,-2.90556539083792,-2.02442259904168,-0.158541167227566,-2.9405584663593003,-0.160509960104261,-1.15588568510078,-0.274742893304536,1.59113853850957,1.59113853850957
SMAD9,-1.65981903904452,-1.59212922032923,-1.44505090708653,-1.96302967733332,-1.63906635142898,-1.7922609184984994,0.0676898187152897,0.214768131957985,-0.303210638288809,0.0207526876155342,0.303210638288809
QPRT,-1.63083482852514,-0.95045529084042,-2.2454673236019,-1.9770039355589,-1.35041276409936,-1.666481413001138,0.680379537684725,-0.614632495076755,-0.346169107033756,0.280422064425786,0.680379537684725
CHI3L2,-1.57767594446552,-1.40995379547834,-2.21703475684313,-1.54056625832325,-1.14314896721736,-3.3696460740557286,0.167722148987179,-0.639358812377609,0.0371096861422671,0.434526977248163,0.639358812377609
