"dataset","module","genes_detected","case","control","n_case","n_control","hedges_g","median_difference","p","kind"
"GSE36830","top10",8,"CRSwNP_NP","CRSwNP_UT",6,6,-1.96098145433008,-1.57168956133359,0.0151515151515152,"Named definition"
"GSE136825","top10",10,"CRSwNP_NP","CRSwNP_IT",42,33,-1.60204132707688,-1.20431401427943,6.44226423746679e-08,"Named definition"
"GSE36830","top20",18,"CRSwNP_NP","CRSwNP_UT",6,6,-2.05559045936121,-1.6895084156375,0.00865800865800866,"Named definition"
"GSE136825","top20",20,"CRSwNP_NP","CRSwNP_IT",42,33,-1.55452459746506,-1.07698372369889,9.1911620286872e-08,"Named definition"
"GSE36830","top40",38,"CRSwNP_NP","CRSwNP_UT",6,6,-1.97122935205006,-1.31814363833096,0.00865800865800866,"Named definition"
"GSE136825","top40",40,"CRSwNP_NP","CRSwNP_IT",42,33,-1.42947302485822,-1.00554533844608,3.87098822911866e-07,"Named definition"
"GSE36830","drop_top5",33,"CRSwNP_NP","CRSwNP_UT",6,6,-1.83405716484715,-1.16174335971055,0.00865800865800866,"Named definition"
"GSE136825","drop_top5",35,"CRSwNP_NP","CRSwNP_IT",42,33,-1.38595652274257,-0.959193861632655,7.53217273899862e-07,"Named definition"
"GSE36830","LOO:STATH",37,"CRSwNP_NP","CRSwNP_UT",6,6,-1.93683665864248,-1.28793717381681,0.00865800865800866,"Single-gene leave-one-out"
"GSE136825","LOO:STATH",39,"CRSwNP_NP","CRSwNP_IT",42,33,-1.41263002273594,-0.995586140457035,4.84120940242171e-07,"Single-gene leave-one-out"
"GSE36830","LOO:HP",37,"CRSwNP_NP","CRSwNP_UT",6,6,-1.95968810824361,-1.31315288173012,0.00865800865800866,"Single-gene leave-one-out"
"GSE136825","LOO:HP",39,"CRSwNP_NP","CRSwNP_IT",42,33,-1.41821268826088,-0.992035171268123,4.57870528214289e-07,"Single-gene leave-one-out"
"GSE36830","LOO:DMBT1",37,"CRSwNP_NP","CRSwNP_UT",6,6,-1.94316349772439,-1.28349746899112,0.00865800865800866,"Single-gene leave-one-out"
"GSE136825","LOO:DMBT1",39,"CRSwNP_NP","CRSwNP_IT",42,33,-1.4287721337281,-1.00595048055548,3.87098822911866e-07,"Single-gene leave-one-out"
"GSE36830","LOO:AZGP1",37,"CRSwNP_NP","CRSwNP_UT",6,6,-1.93549863029992,-1.28093417245714,0.00865800865800866,"Single-gene leave-one-out"
"GSE136825","LOO:AZGP1",39,"CRSwNP_NP","CRSwNP_IT",42,33,-1.41980926400941,-0.983349203505627,4.09427195973145e-07,"Single-gene leave-one-out"
"GSE36830","LOO:ODAM",37,"CRSwNP_NP","CRSwNP_UT",6,6,-1.97498443164498,-1.28570435426844,0.00865800865800866,"Single-gene leave-one-out"
"GSE136825","LOO:ODAM",39,"CRSwNP_NP","CRSwNP_IT",42,33,-1.43153615650554,-0.99468029323955,3.6594778022585e-07,"Single-gene leave-one-out"
"GSE36830","LOO:PPP1R1B",37,"CRSwNP_NP","CRSwNP_UT",6,6,-1.97157050214498,-1.3010534094362,0.00865800865800866,"Single-gene leave-one-out"
"GSE136825","LOO:PPP1R1B",39,"CRSwNP_NP","CRSwNP_IT",42,33,-1.42335314053622,-0.984933321003707,4.09427195973145e-07,"Single-gene leave-one-out"
"GSE36830","LOO:GJC3",38,"CRSwNP_NP","CRSwNP_UT",6,6,-1.97122935205006,-1.31814363833096,0.00865800865800866,"Single-gene leave-one-out"
"GSE136825","LOO:GJC3",39,"CRSwNP_NP","CRSwNP_IT",42,33,-1.42314248148002,-1.02159630524215,3.87098822911866e-07,"Single-gene leave-one-out"
"GSE36830","LOO:LINC01829",38,"CRSwNP_NP","CRSwNP_UT",6,6,-1.97122935205006,-1.31814363833096,0.00865800865800866,"Single-gene leave-one-out"
"GSE136825","LOO:LINC01829",39,"CRSwNP_NP","CRSwNP_IT",42,33,-1.41755801675708,-0.997482949561543,4.84120940242171e-07,"Single-gene leave-one-out"
"GSE36830","LOO:NOSTRIN",37,"CRSwNP_NP","CRSwNP_UT",6,6,-2.0079970686829,-1.34740530457921,0.00865800865800866,"Single-gene leave-one-out"
"GSE136825","LOO:NOSTRIN",39,"CRSwNP_NP","CRSwNP_IT",42,33,-1.42136684680041,-1.03278891673126,3.45914271992223e-07,"Single-gene leave-one-out"
"GSE36830","LOO:SLC37A2",37,"CRSwNP_NP","CRSwNP_UT",6,6,-1.98281467398489,-1.33146740941213,0.00865800865800866,"Single-gene leave-one-out"
"GSE136825","LOO:SLC37A2",39,"CRSwNP_NP","CRSwNP_IT",42,33,-1.43113242528861,-1.03016548389187,3.6594778022585e-07,"Single-gene leave-one-out"
"GSE36830","LOO:NPY1R",37,"CRSwNP_NP","CRSwNP_UT",6,6,-1.95841517101882,-1.32063120203602,0.00865800865800866,"Single-gene leave-one-out"
"GSE136825","LOO:NPY1R",39,"CRSwNP_NP","CRSwNP_IT",42,33,-1.4130256342979,-1.02266951202822,4.57870528214289e-07,"Single-gene leave-one-out"
"GSE36830","LOO:SLC22A3",37,"CRSwNP_NP","CRSwNP_UT",6,6,-1.97102529823415,-1.32430708038877,0.00865800865800866,"Single-gene leave-one-out"
"GSE136825","LOO:SLC22A3",39,"CRSwNP_NP","CRSwNP_IT",42,33,-1.42277000033271,-0.989277254844905,4.09427195973145e-07,"Single-gene leave-one-out"
"GSE36830","LOO:CHRM3",37,"CRSwNP_NP","CRSwNP_UT",6,6,-1.94083355683918,-1.32648654102804,0.00865800865800866,"Single-gene leave-one-out"
"GSE136825","LOO:CHRM3",39,"CRSwNP_NP","CRSwNP_IT",42,33,-1.42677737062876,-1.00266351646927,4.32995748059628e-07,"Single-gene leave-one-out"
"GSE36830","LOO:TCEAL2",37,"CRSwNP_NP","CRSwNP_UT",6,6,-1.96065351835766,-1.30708793539208,0.00865800865800866,"Single-gene leave-one-out"
"GSE136825","LOO:TCEAL2",39,"CRSwNP_NP","CRSwNP_IT",42,33,-1.43197097029866,-1.0136536743633,4.09427195973145e-07,"Single-gene leave-one-out"
"GSE36830","LOO:CA2",37,"CRSwNP_NP","CRSwNP_UT",6,6,-1.93984534363341,-1.31079347115401,0.00865800865800866,"Single-gene leave-one-out"
"GSE136825","LOO:CA2",39,"CRSwNP_NP","CRSwNP_IT",42,33,-1.4129820945662,-1.0053146071589,4.84120940242171e-07,"Single-gene leave-one-out"
"GSE36830","LOO:KCNN4",37,"CRSwNP_NP","CRSwNP_UT",6,6,-1.97721436646702,-1.30409057027319,0.00865800865800866,"Single-gene leave-one-out"
"GSE136825","LOO:KCNN4",39,"CRSwNP_NP","CRSwNP_IT",42,33,-1.42981002006562,-0.993466559752775,3.87098822911866e-07,"Single-gene leave-one-out"
"GSE36830","LOO:PHLDA1",37,"CRSwNP_NP","CRSwNP_UT",6,6,-1.97583352071497,-1.29613992774159,0.00865800865800866,"Single-gene leave-one-out"
"GSE136825","LOO:PHLDA1",39,"CRSwNP_NP","CRSwNP_IT",42,33,-1.42567396733063,-0.99778397442343,4.32995748059628e-07,"Single-gene leave-one-out"
"GSE36830","LOO:TCN1",37,"CRSwNP_NP","CRSwNP_UT",6,6,-1.9395757676531,-1.29054666497186,0.00865800865800866,"Single-gene leave-one-out"
"GSE136825","LOO:TCN1",39,"CRSwNP_NP","CRSwNP_IT",42,33,-1.42820270658551,-0.986179999113062,4.09427195973145e-07,"Single-gene leave-one-out"
"GSE36830","LOO:RNASE1",37,"CRSwNP_NP","CRSwNP_UT",6,6,-2.02338675073898,-1.32151713131889,0.00865800865800866,"Single-gene leave-one-out"
"GSE136825","LOO:RNASE1",39,"CRSwNP_NP","CRSwNP_IT",42,33,-1.45514493729469,-1.04779023843247,2.46183193130176e-07,"Single-gene leave-one-out"
"GSE36830","LOO:PKDCC",37,"CRSwNP_NP","CRSwNP_UT",6,6,-1.98985454621261,-1.31984246419178,0.00865800865800866,"Single-gene leave-one-out"
"GSE136825","LOO:PKDCC",39,"CRSwNP_NP","CRSwNP_IT",42,33,-1.42621654113527,-1.04025527611834,3.87098822911866e-07,"Single-gene leave-one-out"
"GSE36830","LOO:F5",37,"CRSwNP_NP","CRSwNP_UT",6,6,-1.96418390885027,-1.30701234062336,0.00865800865800866,"Single-gene leave-one-out"
"GSE136825","LOO:F5",39,"CRSwNP_NP","CRSwNP_IT",42,33,-1.44775775177157,-1.00918724356945,3.08975097592404e-07,"Single-gene leave-one-out"
"GSE36830","LOO:KRT14",37,"CRSwNP_NP","CRSwNP_UT",6,6,-1.93883250084544,-1.39562880327823,0.00865800865800866,"Single-gene leave-one-out"
"GSE136825","LOO:KRT14",39,"CRSwNP_NP","CRSwNP_IT",42,33,-1.42914786156247,-1.0408720686938,4.32995748059628e-07,"Single-gene leave-one-out"
"GSE36830","LOO:PLCB1",37,"CRSwNP_NP","CRSwNP_UT",6,6,-1.93726338895111,-1.28278613582357,0.00865800865800866,"Single-gene leave-one-out"
"GSE136825","LOO:PLCB1",39,"CRSwNP_NP","CRSwNP_IT",42,33,-1.42365442625539,-1.02305823872207,4.57870528214289e-07,"Single-gene leave-one-out"
"GSE36830","LOO:ADGRG6",37,"CRSwNP_NP","CRSwNP_UT",6,6,-1.9687629832357,-1.31494832637554,0.00865800865800866,"Single-gene leave-one-out"
"GSE136825","LOO:ADGRG6",39,"CRSwNP_NP","CRSwNP_IT",42,33,-1.40533329299471,-0.984587193021147,6.04393641856402e-07,"Single-gene leave-one-out"
"GSE36830","LOO:TBX3",37,"CRSwNP_NP","CRSwNP_UT",6,6,-2.04872611577256,-1.37866093526767,0.00865800865800866,"Single-gene leave-one-out"
"GSE136825","LOO:TBX3",39,"CRSwNP_NP","CRSwNP_IT",42,33,-1.45328166599763,-1.03368972624001,2.60613295084284e-07,"Single-gene leave-one-out"
"GSE36830","LOO:GRIA2",37,"CRSwNP_NP","CRSwNP_UT",6,6,-1.96695737253231,-1.32364695174073,0.00865800865800866,"Single-gene leave-one-out"
"GSE136825","LOO:GRIA2",39,"CRSwNP_NP","CRSwNP_IT",42,33,-1.42918246539276,-0.978866507076939,4.09427195973145e-07,"Single-gene leave-one-out"
"GSE36830","LOO:SLCO1A2",37,"CRSwNP_NP","CRSwNP_UT",6,6,-2.01587180176478,-1.31904471583278,0.00865800865800866,"Single-gene leave-one-out"
"GSE136825","LOO:SLCO1A2",39,"CRSwNP_NP","CRSwNP_IT",42,33,-1.42349712564871,-0.998238263166978,4.84120940242171e-07,"Single-gene leave-one-out"
"GSE36830","LOO:AMOTL1",37,"CRSwNP_NP","CRSwNP_UT",6,6,-1.98907296603159,-1.33158841500763,0.00865800865800866,"Single-gene leave-one-out"
"GSE136825","LOO:AMOTL1",39,"CRSwNP_NP","CRSwNP_IT",42,33,-1.4206193338163,-1.02521810778503,4.09427195973145e-07,"Single-gene leave-one-out"
"GSE36830","LOO:RNF128",37,"CRSwNP_NP","CRSwNP_UT",6,6,-1.93606431782153,-1.29142537165458,0.00865800865800866,"Single-gene leave-one-out"
"GSE136825","LOO:RNF128",39,"CRSwNP_NP","CRSwNP_IT",42,33,-1.42186954843216,-1.00078211875252,4.84120940242171e-07,"Single-gene leave-one-out"
"GSE36830","LOO:SOD3",37,"CRSwNP_NP","CRSwNP_UT",6,6,-1.99613422416984,-1.35160761182304,0.00865800865800866,"Single-gene leave-one-out"
"GSE136825","LOO:SOD3",39,"CRSwNP_NP","CRSwNP_IT",42,33,-1.42971148560341,-1.03021736004642,3.6594778022585e-07,"Single-gene leave-one-out"
"GSE36830","LOO:TESC",37,"CRSwNP_NP","CRSwNP_UT",6,6,-2.01212880187543,-1.34511837455769,0.00865800865800866,"Single-gene leave-one-out"
"GSE136825","LOO:TESC",39,"CRSwNP_NP","CRSwNP_IT",42,33,-1.43857965881701,-1.01099245356545,4.32995748059628e-07,"Single-gene leave-one-out"
"GSE36830","LOO:KCNMA1",37,"CRSwNP_NP","CRSwNP_UT",6,6,-1.9325611537733,-1.31901555799329,0.00865800865800866,"Single-gene leave-one-out"
"GSE136825","LOO:KCNMA1",39,"CRSwNP_NP","CRSwNP_IT",42,33,-1.44262821845666,-0.983774882090727,3.87098822911866e-07,"Single-gene leave-one-out"
"GSE36830","LOO:CHST1",37,"CRSwNP_NP","CRSwNP_UT",6,6,-1.98124764872449,-1.3437077465029,0.00865800865800866,"Single-gene leave-one-out"
"GSE136825","LOO:CHST1",39,"CRSwNP_NP","CRSwNP_IT",42,33,-1.44349890185679,-1.03551066017836,3.45914271992223e-07,"Single-gene leave-one-out"
"GSE36830","LOO:SMAD9",37,"CRSwNP_NP","CRSwNP_UT",6,6,-1.94365377797789,-1.30808353446962,0.00865800865800866,"Single-gene leave-one-out"
"GSE136825","LOO:SMAD9",39,"CRSwNP_NP","CRSwNP_IT",42,33,-1.42928424485904,-1.00976464266705,3.87098822911866e-07,"Single-gene leave-one-out"
"GSE36830","LOO:ANO1",37,"CRSwNP_NP","CRSwNP_UT",6,6,-1.9755696538871,-1.29806534515322,0.00865800865800866,"Single-gene leave-one-out"
"GSE136825","LOO:ANO1",39,"CRSwNP_NP","CRSwNP_IT",42,33,-1.42907111874902,-1.00199938330139,4.09427195973145e-07,"Single-gene leave-one-out"
"GSE36830","LOO:RTN1",37,"CRSwNP_NP","CRSwNP_UT",6,6,-1.97280951515917,-1.30689402904526,0.00865800865800866,"Single-gene leave-one-out"
"GSE136825","LOO:RTN1",39,"CRSwNP_NP","CRSwNP_IT",42,33,-1.43851143517991,-0.995509408706826,4.09427195973145e-07,"Single-gene leave-one-out"
"GSE36830","LOO:ST3GAL5",37,"CRSwNP_NP","CRSwNP_UT",6,6,-1.95388989095595,-1.35648460575847,0.00865800865800866,"Single-gene leave-one-out"
"GSE136825","LOO:ST3GAL5",39,"CRSwNP_NP","CRSwNP_IT",42,33,-1.43268908713129,-1.0260622077771,3.6594778022585e-07,"Single-gene leave-one-out"
"GSE36830","LOO:QPRT",37,"CRSwNP_NP","CRSwNP_UT",6,6,-2.00515640607094,-1.29560894832077,0.00865800865800866,"Single-gene leave-one-out"
"GSE136825","LOO:QPRT",39,"CRSwNP_NP","CRSwNP_IT",42,33,-1.43797191507868,-1.01557432528678,3.6594778022585e-07,"Single-gene leave-one-out"
"GSE36830","LOO:PADI2",37,"CRSwNP_NP","CRSwNP_UT",6,6,-1.95865283229728,-1.30074690073836,0.00865800865800866,"Single-gene leave-one-out"
"GSE136825","LOO:PADI2",39,"CRSwNP_NP","CRSwNP_IT",42,33,-1.44658623063795,-1.00209583785245,3.45914271992223e-07,"Single-gene leave-one-out"
"GSE36830","LOO:CHI3L2",37,"CRSwNP_NP","CRSwNP_UT",6,6,-1.9785973713905,-1.35823702305857,0.00865800865800866,"Single-gene leave-one-out"
"GSE136825","LOO:CHI3L2",39,"CRSwNP_NP","CRSwNP_IT",42,33,-1.43664033110948,-1.00090958675414,3.87098822911866e-07,"Single-gene leave-one-out"
